Hoover,Garrison,Glen_Canyon,Oahe,Fort_Peck,Grand_Coulee,Kentucky,Sam_Rayburn,Wolf_Creek,Libby_Dam,Bull_Shoals,Harry_S_Trauman,Denison,Toledo_Bend,Shasta,Flaming_Gorge,Eufaula_Lake,J_Storm_Thurmond,Blakely_Mountain,Oroville,Table_Rock,Hartwell,John_H_Kerr,Norris,New_Melones
151.7982068,579.5241153,188.8996832,693.1327944,133.5925888,3441.077957,569.9,7.0792,28.3,171.2400286,81.86206445,90.14921863,10.4114608,121.5063048,110.9242031,27.00264612,10.3922656,95,4.710886615,43.18561813,50.2,79.3104509,173.6764671,22.7,5.66
146.3312068,602.7741153,183.4326832,668.7112944,151.6525888,3516.077957,569.9,6.9942496,34.594,172.6560286,76.19656445,84.08021863,5.286120002,121.5063048,113.5042031,25.65,10.3922656,95,5.618905134,46.78561813,50.2,77.0724509,163.0574671,22.7,5.66
175.4782068,626.0241153,208.7046832,644.2897944,161.9095888,3591.077957,569.9,6.8809824,40.888,193.9560286,70.53106445,78.01121863,11.01672,121.5063048,116.0842031,25.65,10.194048,95,8.830405134,43.18561813,50.2,79.3104509,142.1594671,22.7,8.3282
142.3282068,607.8411153,183.4326832,619.8682944,143.8495888,3599.651957,569.9,6.654448,47.182,172.6560286,76.19656445,84.08021863,16.74732,121.5063048,118.6642031,25.65,10.6188,99.95,12.04190513,46.78561813,52.756,81.5484509,172.9124671,22.7,5.66
175.4782068,584.5911153,208.7046832,595.4467944,125.7895888,3625.136957,624.803,6.654448,53.476,151.3560286,81.86206445,90.14921863,22.47792,121.5063048,116.0842031,27.34046793,10.194048,104.9,8.830405134,43.18561813,50.2,79.3104509,212.3075671,25.298,5.66
142.3282068,561.3411153,183.4326832,571.0252944,120,3582.661957,679.706,6.7677152,59.77,172.6560286,87.52756445,96.21821863,28.20852,121.5063048,118.6642031,31.01696793,10.194048,109.85,9.901495134,39.58561813,50.2,81.5484509,172.9124671,27.896,8.3282
109.1782068,538.0911153,158.1606832,546.6037944,120,3657.661957,624.803,6.5978144,66.064,161.3290286,93.19306445,99.21059463,33.93912,121.5063048,121.2442031,27.63581424,8.49504,104.9,13.11299513,37.15412981,50.2,79.3104509,189.1654671,30.494,5.66
76.02820684,514.8411153,141.6,522.1822944,120,3690.265957,569.9,6.654448,72.358,166.9920286,87.52756445,93.14159463,28.20852,121.5063048,118.6642031,25.65,7.6738528,99.95,16.32449513,33.55412981,50.2,77.0724509,163.1144671,30.04565358,8.3282
102.0972068,491.5911153,141.6,497.7607944,120,3644.958957,624.803,6.796032,78.652,158.4970286,81.86206445,99.21059463,22.47792,121.5063048,116.0842031,29.3265,6.8243488,95,19.53599513,29.95412981,50.2,79.3104509,199.9824671,29.11119918,5.66
84.62720684,468.3411153,141.6,473.3392944,120,3719.958957,679.706,6.7393984,84.946,137.1970286,76.19656445,93.14159463,28.20852,121.5063048,118.6642031,33.003,6.6261312,99.95,16.32449513,26.35412981,50.2,81.5484509,239.3775671,31.70919918,5.66
117.7772068,445.0911153,166.872,494.9147944,120,3783.710957,734.609,6.8526656,91.24,158.4970286,70.53106445,87.07259463,33.93912,121.5063048,121.2442031,32.86086708,8.49504,104.9,13.11299513,29.95412981,50.2,83.7864509,278.7726671,34.30719918,5.66
150.9272068,437.9401153,192.144,494.9147944,120,3708.710957,789.512,7.6738528,97.534,152.8340286,64.86556445,81.00359463,39.66972,121.5063048,123.8242031,32.8682295,10.194048,109.85,16.32449513,33.55412981,50.2,81.5484509,318.1677671,36.90519918,5.66
184.0772068,461.1901153,217.416,494.9147944,120,3783.710957,844.415,9.8825632,96.82709656,131.5340286,59.20006445,87.07259463,45.40032,121.5063048,126.4042031,36.5447295,11.043552,114.8,19.53599513,37.15412981,50.2,79.3104509,357.5628671,39.50319918,5.66
198.7072068,466.2571153,235.8086832,494.9147944,120,3708.710957,899.318,11.9496896,92.21109656,152.8340286,64.86556445,86.46801463,51.13092,121.5063048,128.9842031,32.8682295,10.3922656,119.75,16.32449513,40.75412981,50.2,77.0724509,318.1677671,42.10119918,8.3282
181.5042068,466.2571153,218.6056832,494.9147944,120,3783.710957,933.3678918,12.7142432,90.51209656,147.1700286,70.53106445,92.53701463,45.40032,121.5063048,131.5642031,36.5447295,9.5710784,114.8,13.11299513,44.35412981,50.2,74.8344509,278.7726671,44.69919918,5.66
214.6542068,443.0071153,243.8776832,470.4932944,120,3789.374957,878.4648918,12.6859264,96.80609656,168.4700286,76.19656445,94.52386423,39.66972,121.5063048,134.1442031,38.0587356,8.919792,109.85,9.901495134,47.95412981,50.2,72.5964509,239.3775671,47.29719918,7.114701197
181.5042068,419.7571153,218.6056832,466.5977944,120,3714.374957,823.5618918,11.9213728,103.1000966,147.1700286,70.53106445,88.45486423,45.40032,121.5063048,136.7242031,34.3822356,8.3251392,104.9,13.11299513,51.55412981,50.2,70.3584509,199.9824671,44.69919918,7.596087587
214.6542068,409.6231153,243.8776832,466.5977944,120,3789.374957,878.4648918,10.8170176,96.80609656,168.4700286,76.19656445,94.52386423,51.13092,121.5063048,139.3042031,38.0587356,7.5605856,109.85,9.901495134,55.15412981,50.2,68.1204509,177.9804671,47.29719918,10.26428759
201.8522068,409.6231153,238.9536832,442.1762944,120,3864.374957,933.3678918,9.7976128,103.1000966,147.1700286,81.86206445,100.5928642,56.86152,121.5063048,141.8842031,41.7352356,7.2774176,114.8,6.689995134,58.75412981,50.2,65.8824509,138.5853671,49.89519918,12.93248759
168.7022068,409.6231153,213.6816832,438.2807944,120,3939.374957,988.2708918,8.919792,109.3940966,135.8440286,87.52756445,106.6618642,62.59212,121.5063048,144.4642031,43.2973806,6.9659328,119.75,9.901495134,62.35412981,50.2,63.6444509,177.9804671,52.49319918,15.60068759
199.5972068,386.3731153,236.6986832,462.7022944,120,3998.918957,939.7108918,8.2685056,115.6880966,114.5440286,93.19306445,103.0190642,68.32272,121.5063048,147.0442031,46.9738806,6.37128,124.7,6.689995134,65.95412981,50.2,61.4064509,146.6904671,55.09119918,12.93248759
232.7472068,381.3061153,261.9706832,466.5977944,133.5925888,4010.245957,884.8078918,7.8720704,121.9820966,135.8440286,98.85856445,109.0880642,62.59212,121.5063048,149.6242031,43.2973806,6.37128,119.75,9.901495134,69.55412981,50.2,63.6444509,129.8984671,55.67235758,10.26428759
199.5972068,404.5561153,236.6986832,442.1762944,133.5925888,4085.245957,939.7108918,7.7304864,118.2340966,116.0220286,104.5240645,111.4289938,56.86152,121.5063048,152.2042031,39.6208806,6.654448,124.7,6.689995134,73.15412981,50.2,65.8824509,169.2935671,53.07435758,8.898662527
232.7472068,427.8061153,261.9706832,466.5977944,120,4160.245957,994.6138918,7.4756352,123.5860966,137.3220286,98.85856445,105.3599938,62.59212,121.5063048,154.7842031,35.9443806,6.2013792,129.65,3.478495134,76.75412981,50.2,68.1204509,182.0014671,50.47635758,11.56686253
242.4242068,409.6231153,279.5256832,491.0192944,133.5925888,4143.334957,1049.516892,7.2491008,117.2920966,152.8340286,104.5240645,99.29099383,68.32272,121.5063048,157.3642031,37.63426377,6.37128,134.6,1.25,80.35412981,50.2,70.3584509,221.3965671,47.87835758,14.23506253
209.2742068,409.6231153,254.2536832,515.4407944,133.5925888,4174.482957,1104.419892,7.0508832,110.9980966,131.5340286,110.1895645,105.3599938,74.05332,121.5063048,159.9442031,37.08293178,6.37128,139.55,4.4615,83.95412981,50.2,68.1204509,196.8964671,45.28035758,16.90326253
242.4242068,432.8731153,279.5256832,539.8622944,133.5925888,4249.482957,1159.322892,7.1358336,107.3600966,110.2340286,104.5240645,99.29099383,79.78392,121.5063048,162.5242031,37.9256457,7.7304864,144.5,1.25,87.55412981,50.2,69.1444509,177.3294671,42.68235758,19.57146253
209.2742068,437.9401153,254.2536832,564.2837944,151.6525888,4282.086957,1104.419892,8.4100896,101.0660966,127.3490286,98.85856445,93.22199383,82.8175184,121.5063048,165.1042031,34.2491457,9.3728608,139.55,4.4615,91.15412981,50.2,66.9064509,137.9343671,40.08435758,22.23966253
235.0292068,437.9401153,272.1306832,579.8657944,161.9095888,4207.086957,1049.516892,8.353456,107.3600966,106.0490286,96.64343405,89.04490343,77.0869184,121.5063048,167.6842031,37.9256457,12.7708768,134.6,7.673,94.75412981,50.2,69.1444509,147.0584671,37.48635758,19.57146253
201.8792068,461.1901153,246.8586832,604.2872944,143.8495888,4132.086957,994.6138918,8.070288,113.6540966,99.03202864,90.97793405,82.97590343,71.3563184,121.5063048,170.2642031,34.2491457,12.03464,139.55,10.8845,98.35412981,50.2,66.9064509,186.4535671,40.08435758,22.23966253
168.7292068,437.9401153,236.838623,628.7087944,161.9095888,4057.086957,939.7108918,7.837996326,119.9480966,105.3880749,91.85789485,77.94196717,77.0869184,121.5063048,172.8442031,30.5726457,16.16714,144.5,7.673,101.9541298,50.2,69.1444509,225.8486671,42.68235758,24.90786253
201.8792068,461.1901153,262.110623,653.1302944,161.9095888,3982.086957,959.2677247,8.1552384,126.2420966,90,86.19239485,78.49659361,82.8175184,126.8508048,175.4242031,26.8961457,20.29964,149.45,4.4615,105.5541298,50.2,66.9064509,265.2437671,45.28035758,22.23966253
168.7292068,484.4401153,267.363863,636.4987944,143.8495888,3907.086957,930.8312197,8.8914752,132.5360966,111.3,91.85789485,84.56559361,81.75522103,129.2676308,178,25.65,20.6847557,154.4,6.415977634,109.1541298,50.2,64.6684509,304.6388671,47.87835758,19.57146253
169.0062068,494.5741153,289.251983,660.9202944,133.5925888,3832.086957,985.7342197,9.6560288,138.8300966,132.6,97.52125485,89.48383201,81.48160403,129.2676308,178,29.3265,19.0140645,159.35,9.627477634,112.7541298,50.2,62.4304509,280.8434638,45.28035758,16.90326253
144.8362068,494.5741153,265.124103,685.3417944,120,3757.086957,930.8312197,9.91088,132.5360966,153.9,91.85575485,83.41483201,80.92481903,129.2676308,178,25.65,17.8247589,154.4,12.83897763,116.3541298,50.2,60.1924509,320.2385638,42.68235758,19.57146253
177.9862068,471.3241153,290.396103,664.8157944,133.5925888,3682.086957,875.9282197,9.91088,138.8300966,132.6,97.52125485,87.26066321,75.19421903,129.2676308,178,29.3265,18.1079269,149.45,16.05047763,119.9541298,50.2,57.9544509,300.9871468,40.08435758,16.90326253
165.1102068,466.2571153,285.482343,689.2372944,151.6525888,3607.086957,821.0252197,9.8542464,132.5360966,153.9,103.1867549,93.32966321,69.46361903,129.2676308,178,25.65,18.4194117,144.5,12.83897763,123.5541298,50.2,55.7164509,261.5920468,38.67917479,14.23506253
131.9602068,489.5071153,260.210343,664.8157944,161.9095888,3619.085985,766.1222197,9.9391968,126.2420966,167.9335749,97.52125485,87.26066321,75.19421903,129.2676308,178,25.65,17.9663429,149.45,16.05047763,127.1541298,50.2,53.4784509,252.5758298,36.74930239,15.53365743
146.0642068,494.5741153,266.520583,689.2372944,179.9695888,3544.085985,711.2192197,10.1090976,119.9480966,146.6335749,91.85575485,81.19166321,80.39668703,129.2676308,178,25.65,18.1079269,144.5,19.26197763,130.7541298,50.2,51.2404509,258.6541713,34.59289559,12.86545743
168.2062068,517.8241153,288.704703,713.6587944,190.2265888,3469.085985,656.3162197,9.6560288,113.6540966,167.9335749,86.19025485,75.12266321,80.68940603,129.2676308,178,26.42429151,17.6548581,139.55,16.05047763,134.3541298,50.2,49.0024509,259.0705128,34.53193199,15.53365743
145.3372068,494.5741153,265.877823,721.4497944,208.2865888,3404.252985,601.4132197,9.20296,107.3600966,146.6335749,80.52475485,69.05366321,80.69895703,129.2676308,178,30.10079151,17.5132741,144.5,17.13315763,137.9541298,50.2,46.7644509,258.6648543,37.12993199,16.77959868
178.4872068,471.3241153,291.149823,697.0282944,190.2265888,3463.843985,569.9,8.8065248,113.6540966,142.5905749,74.85925485,62.98466321,79.85900403,129.2676308,178,26.42429151,18.2778277,139.55,20.34465763,140,50.2,46.6,277.4581958,39.72793199,19.44779868
207.8732068,494.5741153,316.421823,693.1327944,190.2265888,3388.843985,569.9,8.5233568,119.9480966,163.8905749,69.19375485,56.91566321,74.12840403,129.2676308,178,25.65,17.9663429,134.6,17.13315763,140,50.2,48.838,303.2175373,42.32593199,16.77959868
174.7232068,471.3241153,291.149823,668.7112944,190.2265888,3347.994985,624.803,8.4100896,126.2420966,185.1905749,63.52825485,50.84666321,68.39780403,129.2676308,178,25.65,18.2778277,129.65,13.92165763,140,50.2,51.076,277.1848788,44.92393199,14.11139868
168.4052068,494.5741153,289.114303,644.2897944,172.1665888,3272.994985,679.706,8.2401888,132.5360966,163.8905749,57.86275485,44.77766321,74.12840403,129.2676308,178,29.3265,17.2017893,134.6,17.13315763,140,50.2,53.314,316.5799788,47.52193199,16.77959868
201.5552068,494.5741153,314.386303,664.8157944,161.9095888,3260.462985,734.609,8.1269216,138.8300966,185.1905749,52.19725485,38.70866321,79.85900403,129.2676308,178,25.65,17.0602053,139.55,13.92165763,140,50.2,51.076,355.9750788,50.11993199,19.44779868
168.4052068,471.3241153,289.114303,640.3942944,161.9095888,3283.240985,789.512,7.9853376,145.1240966,163.8905749,55.83892525,44.77766321,79.90675903,129.2676308,178,29.3265,16.6071365,144.5,17.13315763,140,50.2,53.314,346.5059033,52.71793199,22.11599868
135.2552068,448.0741153,263.842303,664.8157944,143.8495888,3358.240985,844.415,7.8720704,151.4180966,182.4475749,50.17342525,50.84666321,81.04898203,129.2676308,178,25.65,15.8425829,149.45,13.92165763,140,50.2,55.552,307.1108033,55.31593199,24.78419868
168.4052068,424.8241153,289.114303,689.2372944,125.7895888,3283.240985,899.318,7.8437536,157.7120966,161.1475749,55.83892525,56.91566321,78.79318903,129.2676308,178,26.19499446,19.9750829,144.5,17.13315763,140,52.756,57.79,302.3985863,57.91393199,27.45239868
201.5552068,401.5741153,314.386303,693.1327944,133.5925888,3358.240985,844.415,7.8720704,164.0060966,139.8475749,61.50442525,62.98466321,73.06258903,129.2676308,178,25.91787327,16.7487205,139.55,20.34465763,140,55.312,55.552,341.7936863,60.51193199,30.12059868
168.4052068,378.3241153,289.114303,717.5542944,120,3283.240985,899.318,7.78712,170.3000966,125.9200749,67.16992525,69.05366321,67.33198903,129.2676308,178,26.23682493,16.0124837,134.6,17.13315763,140,57.868,57.79,363.2052693,63.10993199,27.45239868
135.2552068,401.5741153,263.842303,721.4497944,133.5925888,3289.528985,954.221,7.7021696,176.5940966,128.7875749,61.50442525,75.12266321,73.06258903,129.2676308,178,25.65,17.5132741,139.55,13.92165763,140,60.424,55.552,362.9696108,65.70793199,24.78419868
168.4052068,381.3061153,289.114303,721.4497944,151.6525888,3269.832985,954.7131197,7.78712,182.8880966,123.1600749,55.83892525,81.19166321,78.79318903,129.2676308,178,25.65,14.29043344,144.5,17.13315763,140,57.868,53.314,323.5745108,68.30593199,22.11599868
190.4612068,404.5561153,311.549383,721.4497944,133.5925888,3344.832985,1009.61612,8.1835552,189.1820966,144.4600749,50.17342525,87.26066321,80.25678403,129.2676308,178,25.65,18.42293344,149.45,13.92165763,140,55.312,51.076,284.1794108,70.90393199,24.78419868
157.3112068,427.8061153,286.277383,745.8712944,151.6525888,3269.832985,1064.51912,8.5516736,195.4760966,165.7600749,44.50792525,93.32966321,80.54950303,129.2676308,178,29.3265,14.29043344,144.5,17.13315763,140,52.756,48.838,244.7843108,73.50193199,27.45239868
190.4612068,451.0561153,311.549383,770.2927944,169.7125888,3344.832985,1083.393605,8.7215744,201.7700966,145.9195749,46.91913325,99.39866321,79.99271803,129.2676308,178,25.65,18.42293344,149.45,13.92165763,140,50.2,46.6,205.3892108,71.13290799,30.12059868
157.3112068,474.3061153,286.277383,794.7142944,187.7725888,3269.832985,1028.490605,8.8065248,195.4760966,143.1230749,52.58463325,105.4676632,74.26211803,129.2676308,178,25.65,15.8857248,144.5,17.13315763,140,51.21644828,46.6,193.1933183,68.53490799,28.21960471
188.4882068,497.5561153,309.744863,819.1357944,205.8325888,3250.635985,1039.149595,9.1463264,197.0110966,123.3375749,58.25013325,111.5366632,68.53151803,129.2676308,178,29.3265,13.45048,139.55,20.34465763,140,53.77244828,48.838,210.3446598,65.93690799,30.88780471
189.8092068,520.8061153,311.107983,834.7167944,218.5435888,3325.635985,1094.052595,9.344544,203.3050966,126.2040749,63.54109485,117.6056632,71.80949903,129.2676308,178,33.003,17.58298,144.5,23.55615763,140,51.21644828,46.6,201.9540013,63.33890799,33.55600471
169.5832068,544.0561153,290.924103,859.1382944,200.4835888,3250.635985,1092.569585,5.683054278,209.5990966,129.0715749,57.87559485,123.6746632,77.54009903,129.2676308,178,29.3265,13.45048,149.45,26.76765763,140,50.2,46.6,170.2013428,65.93690799,36.22420471
202.7332068,522.8901153,316.196103,883.5597944,182.4235888,3304.812985,1147.472585,11.1001856,215.8930966,129.1070749,52.21009485,117.6056632,78.62463303,134.6121308,178,33.003,9.31798,154.4,29.97915763,140,50.2,46.6,186.1636843,68.53490799,38.89240471
169.5832068,546.1401153,290.924103,899,167.1755184,3229.812985,1202.375585,12.1195904,209.5990966,117.8155749,46.54459485,111.5366632,80.05002403,136.3260641,178,29.3265,13.45048,149.45,33.19065763,140,50.2,46.6,171.1750258,65.93690799,38.09023081
147.5972068,569.3901153,269.064463,899,167.1454184,3154.812985,1234.44607,13.3655296,203.3050966,117.8510749,52.21009485,105.4676632,78.92690303,136.3260641,178,25.65,16.4952027,144.5,36.40215763,140,52.756,46.6,131.7799258,63.33890799,40.75843081
180.7472068,592.6401153,294.336463,891.3507944,167.1153184,3106.969985,1179.54307,13.1956288,197.0110966,139.1510749,57.87559485,99.39866321,73.19630303,136.3260641,178,25.65,18.1658939,139.55,39.61365763,140,55.312,48.838,171.1750258,60.74090799,43.42663081
147.5972068,615.8901153,269.064463,866.9292944,167.0852184,3031.969985,1124.64007,12.5443424,190.7170966,132.0810749,63.54109485,99.93579407,67.46570303,136.3260641,178,25.65,15.7589659,134.6,42.82515763,140,57.868,46.6,143.7090503,58.14290799,46.09483081
180.7472068,636.1581153,294.336463,842.5077944,167.0551184,3106.969985,1069.73707,11.8364224,184.4230966,153.3810749,63.54109485,93.86679407,73.19630303,136.3260641,178,29.3265,12.4175835,139.55,46.03665763,140,60.424,46.6,149.4763918,55.54490799,48.76303081
147.5972068,636.1581153,269.064463,866.9292944,167.0250184,3163.978985,1014.83407,10.7320672,178.1290966,140.6470749,57.87559485,87.79779407,67.46570303,136.3260641,178,25.65,9.416002696,144.5,48.22799263,140,62.98,46.6,161.0487333,52.94690799,51.43123081
154.0302068,612.9081153,275.708063,891.3507944,148.9650184,3169.766985,959.9310697,9.7976128,171.8350966,123.6925749,52.21009485,83.82333487,61.73510303,136.3260641,178,29.3265,7.603727496,139.55,45.01649263,140,65.536,46.6,161.0400748,50.34890799,54.09943081
187.1802068,607.8411153,300.980063,899,138.6478184,3155.733985,905.0280697,9.1180096,165.5410966,132.2230749,46.54459485,78.16015487,56.00450303,136.3260641,178,25.65,7.292242696,144.5,41.80499263,140,68.092,46.6,153.8384163,47.75090799,55.16264481
220.3302068,607.8411153,326.252063,899,138.6177184,3230.733985,850.1250697,9.1180096,159.2470966,129.4265749,40.87909485,73.17657807,50.27390303,136.3260641,178,29.3265,11.4247427,149.45,38.59349263,140,65.536,48.838,122.3127578,45.15290799,54.51135734
187.1802068,607.8411153,300.980063,874.5785,156.6777184,3155.733985,795.2220697,15.2061216,165.5410966,135.1250749,46.54459485,76.98518767,44.54330303,136.3260641,178,25.65,15.5572427,154.4,41.80499263,140,63.33601644,51.076,138.3590993,47.05531159,51.84315734
220.3302068,607.8411153,326.252063,850.157,166.8745184,3230.733985,850.1250697,12.74256,171.8350966,113.8250749,52.21009485,83.05418767,38.81270303,136.3260641,178,29.3265,19.6897427,149.45,45.01649263,140,60.78001644,48.838,159.5314408,49.65331159,49.17495734
195.3862068,584.5911153,317.274663,825.7355,166.8444184,3305.733985,905.0280697,14.583152,178.1290966,135.1250749,46.54459485,76.98518767,33.08210303,136.3260641,178,25.65,20.0914363,154.4,41.80499263,140,58.22401644,51.076,139.6437823,52.25131159,51.84315734
172.4592068,579.5241153,294.389783,801.314,166.8143184,3230.733985,959.9310697,15.4609728,184.4230966,113.8250749,40.87909485,83.05418767,27.35150303,136.3260641,178,29.3265,16.2120347,152.2647057,38.59349263,140,55.66801644,48.838,149.6301238,54.84931159,54.0582878
205.6092068,556.2741153,319.661783,776.8925,166.7842184,3305.733985,1014.83407,14.724736,190.7170966,128.1190463,35.21359485,89.12318767,21.62090303,136.3260641,178,25.65,15.1359963,147.3147057,35.66917263,140,53.11201644,46.6,156.8704653,57.44731159,51.3900878
172.4592068,533.0241153,294.389783,752.471,148.7242184,3230.733985,1069.73707,21.938836,197.0110966,145.1090463,29.54809485,95.19218767,19.52915243,136.3260641,178,25.65,14.8528283,142.3647057,38.88067263,140,50.55601644,48.838,196.2655653,60.04531159,54.0582878
173.8952068,509.7741153,295.952143,728.0495,138.4070184,3155.733985,1052.787,14.724736,203.3050966,123.8090463,23.88259485,101.2611877,19.59533703,136.3260641,178,25.65,18.4773787,137.4147057,35.66917263,140,50.2,51.076,235.6606653,62.64331159,52.359277
151.4642068,494.5741153,273.563263,703.628,138.3769184,3080.733985,997.8839997,12.0629568,209.5990966,142.2770463,22.65,107.3301877,19.60488803,136.3260641,178,29.3265,22.6098787,132.4647057,32.45767263,140,50.2,53.314,275.0557653,65.24131159,55.027477
147.9522068,471.3241153,270.093383,679.2065,138.3468184,3006.904985,1052.787,12.6576096,215.8930966,133.7820463,28.3155,113.3991877,19.58612223,136.3260641,178,33.003,26.7423787,127.5147057,29.24617263,140,50.2,55.552,275.5098313,67.83931159,54.02997095
181.1022068,466.2571153,295.365383,654.785,120.2868184,3081.904985,1107.69,14.7813696,222.1870966,142.2770463,33.981,119.4681877,19.73725723,136.3260641,178,29.3265,30.8748787,132.4647057,32.45767263,140,50.2,57.79,270.4321728,70.43731159,53.69016879
147.9522068,443.0071153,270.093383,630.3635,120,3156.904985,1162.593,18.4342368,228.4810966,120.9770463,35.22429485,125.5371877,19.86007543,136.3260641,178,25.65,26.7423787,137.4147057,35.66917263,140,52.756,60.028,309.8272728,73.03531159,51.84957376
114.8022068,419.7571153,244.821383,605.942,120,3081.904985,1217.496,21.3508672,234.7750966,130.9510463,29.55879485,131.6061877,19.89794323,136.3260641,178,29.3265,30.8748787,142.3647057,32.45767263,140,50.2,62.266,349.2223728,75.63331159,49.18137376
130.3742068,409.6231153,252.683863,581.5205,120,3006.904985,1272.399,21.2376,238.1,133.7820463,23.89329485,137.6751877,19.96412783,136.3260641,178,25.65,35.0073787,147.3147057,35.66917263,140,50.2,64.504,388.6174728,78.23131159,46.51317376
163.5242068,409.6231153,277.955863,557.099,120,2931.904985,1327.302,20.9827488,238.1,112.4820463,22.65,134.7939349,19.86041163,136.3260641,178,25.65,39.1398787,152.2647057,33.15700013,140,50.2,66.69809423,356.6775388,80.82931159,49.18137376
185.0782068,409.6231153,303.227863,532.6775,120,2856.904985,1382.205,21.9738368,238.1,133.7820463,22.65,140.8629349,19.84164583,136.3260641,178,25.73739117,43.2723787,147.3147057,29.94550013,140,50.2,64.46009423,317.2824388,83.42731159,49.78244396
218.2282068,409.6231153,328.499863,508.256,120,2801.066985,1437.108,25.201952,231.806,125.2870463,28.3155,146.9319349,19.90783043,136.3260641,178,25.77204015,47.4048787,142.3647057,33.15700013,140,50.2,62.22209423,277.8873388,86.02531159,52.45064396
185.0782068,386.3731153,303.227863,494.9147944,120,2829.508985,1492.011,28.599968,225.512,146.5870463,33.981,153.0009349,25.63843043,136.3260641,178,29.44854015,51.5373787,147.3147057,36.36850013,140,52.756,59.98409423,258.2775633,83.42731159,55.02106058
218.2282068,363.1231153,328.499863,519.3362944,138.06,2754.508985,1546.914,31.431648,219.218,130.9510463,28.3155,146.9319349,31.36903043,136.3260641,178,33.12504015,47.4048787,152.2647057,33.15700013,140,50.2,57.74609423,297.6726633,80.82931159,57.68926058
185.0782068,386.3731153,303.227863,543.7577944,156.12,2679.508985,1492.011,30.298976,212.924,147.9410463,22.65,140.8629349,37.09963043,136.3260641,178,29.44854015,43.2723787,147.3147057,36.36850013,140,50.2,55.50809423,258.2775633,78.23131159,60.35746058
218.2282068,409.6231153,328.499863,568.1792944,174.18,2604.508985,1437.108,29.73264,206.63,156.4360463,28.3155,146.9319349,42.83023043,136.3260641,178,26.13717207,39.1398787,142.3647057,39.58000013,140,52.756,53.27009423,221.0705878,75.63331159,62.07195538
251.3782068,409.6231153,351.015823,545.1233453,156.12,2529.508985,1382.205,30.28677353,200.336,156.4360463,33.981,140.8629349,48.56083043,136.3260641,178,25.65,35.0073787,137.4147057,38.32953263,140,55.312,52.28698423,199.9659293,73.03531159,59.40375538
218.2282068,409.6231153,325.743823,520.7018453,138.06,2462.015985,1327.302,25.4568032,194.042,159.2670463,39.6465,134.7939349,54.29143043,141.6705641,178,25.65,31.1349883,132.4647057,35.11803263,140,57.868,50.04898423,160.5708293,70.43731159,56.73555538
251.3782068,432.8731153,351.015823,496.2803453,120,2537.015985,1382.205,32.6709032,187.748,169.1785463,45.312,128.7249349,60.02203043,147.0150641,178,25.65,35.2674883,127.5147057,38.32953263,140,60.424,52.28698423,176.9546123,67.83931159,54.06735538
284.5282068,437.9401153,376.287823,471.8588453,120,2612.015985,1437.108,39.8850032,194.042,173.4260463,43.71933485,122.6559349,65.75263043,149.3380354,178,25.93794618,39.3468603,132.4647057,41.54103263,140,57.868,54.52498423,216.3497123,70.43731159,56.73555538
317.6782068,414.6901153,389.925303,447.4373453,120,2669.102985,1492.011,47.0991032,200.336,190.4160463,38.05597485,116.5869349,71.48323043,149.3380354,178,25.65,43.4793603,137.4147057,38.32953263,140,60.424,56.76298423,255.7448123,73.03531159,58.56066641
350.8282068,391.4401153,402.877423,431.6528328,120,2723.029985,1546.914,54.3132032,206.63,211.7160463,35.22429485,110.5179349,77.21383043,149.3380354,178,29.3265,44.4438843,142.3647057,35.11803263,140,57.868,59.00098423,295.1399123,75.63331159,61.22886641
319.6583087,368.1901153,377.605423,456.0743328,120,2725.986985,1601.817,58.332608,212.924,233.0160463,32.39261485,104.4489349,82.94443043,149.3380354,178,25.65,40.3113843,137.4147057,31.90653263,140,55.312,61.23898423,255.7448123,78.23131159,63.89706641
352.8083087,381.3061153,402.877423,459.8884278,120,2800.986985,1656.72,51.118508,219.218,211.7160463,29.56093485,98.37993487,77.21383043,149.3380354,178,25.65,36.1788843,132.4647057,28.69503263,140,52.756,63.47698423,216.3497123,80.82931159,61.22886641
319.6583087,404.5561153,377.605423,484.3099278,120,2814.018985,1711.623,43.904408,225.512,221.5640463,26.72925485,92.31093487,71.48323043,149.3380354,178,26.08372359,32.0463843,127.5147057,31.90653263,140,50.2,65.71498423,234.8086613,83.42731159,59.63670658
319.8510587,381.3061153,352.333423,459.8884278,120,2889.018985,1766.526,37.378176,231.806,207.4060463,23.89757485,86.24193487,65.75263043,149.3380354,178,29.76022359,27.9138843,122.5647057,28.69503263,140,50.2,63.47698423,274.2037613,86.02531159,56.96850658
353.0010587,381.3061153,377.605423,484.3099278,120,2964.018985,1821.429,35.962336,238.1,228.7060463,22.65,80.17293487,71.48323043,149.3380354,178,26.39456556,23.7813843,117.6147057,25.48353263,140,50.2,62.44368423,299.0413443,88.62331159,56.86165561
364.0615587,381.3061153,391.743143,488.0426178,120,3023.937985,1876.332,37.095008,238.1,250.0060463,28.3155,74.10393487,77.21383043,149.3380354,178,25.65,19.8082683,112.6647057,27.28465513,140,50.2,64.68168423,259.6462443,91.22131159,54.19345561
387.6198087,381.3061153,415.288263,463.6211178,120,3098.937985,1931.235,37.378176,238.1,271.3060463,33.981,68.03493487,82.94443043,149.3380354,178,25.65,22.0736123,117.6147057,30.49615513,140,50.2,62.74722423,220.2511443,93.81931159,53.46363402
387.7300587,404.5561153,415.385383,459.6442128,120,3173.937985,1986.138,35.962336,238.1,266.8710463,32.39261485,61.96593487,88.67503043,149.3380354,178,29.3265,20.3746043,122.5647057,33.70765513,140,50.2,64.98522423,221.5113688,96.41731159,56.13183402
365.5163087,409.6231153,393.158503,484.0657128,120,3248.937985,1931.235,35.396,238.1,288.1710463,26.72925485,55.89693487,94.40563043,149.3380354,178,33.003,19.8082683,117.6147057,36.91915513,140,50.2,67.22322423,225.1267103,99.01531159,58.80003402
398.6663087,386.3731153,418.430503,487.8798078,120,3323.937985,1876.332,41.625696,238.1,292.3560463,23.89757485,49.82793487,88.67503043,149.3380354,178,36.6795,19.5251003,112.6647057,33.70765513,140,50.2,64.98522423,231.5170518,101.6133116,58.24918109
388.6558087,363.1231153,416.271743,463.4583078,120,3398.937985,1931.235,45.023712,238.1,289.5250463,23.89757485,52.67527487,82.94443043,149.3380354,178,33.003,20.9409403,107.7147057,36.91915513,140,50.2,62.74722423,214.5743933,102.2870924,55.58098109
421.8058087,386.3731153,441.543743,487.8798078,120,3473.937985,1876.332,45.873216,238.1,310.8250463,22.65,58.74427487,77.21383043,149.3380354,178,36.6795,20.3746043,112.6647057,33.70765513,140,50.2,64.98522423,181.2937348,99.68909239,58.24918109
426.8243087,409.6231153,454.413983,512.3013078,120,3548.937985,1821.429,45.30688,238.1,298.0200463,22.65,52.67527487,71.48323043,149.3380354,178,38.5450755,20.0914363,107.7147057,30.49615513,140,50.2,62.74722423,220.6888348,102.2870924,58.36244848
459.9743087,432.8731153,479.685983,536.7228078,120,3623.937985,1766.526,44.174208,238.1,276.7200463,28.3155,58.74427487,65.75263043,149.3380354,178,37.72568376,19.5251003,112.6647057,27.28465513,140,50.2,60.50922423,260.0839348,104.8850924,55.69424848
453.3038087,409.6231153,480.867223,561.1443078,120,3698.937985,1711.623,41.908864,238.1,275.3660463,33.981,52.67527487,60.02203043,149.3380354,178,34.04918376,15.3926003,117.6147057,27.83048263,140,50.2,62.74722423,299.4790348,107.4830924,53.02604848
432.8630587,432.8731153,460.413343,585.5658078,137.4343077,3773.937985,1656.72,38.510848,238.1,296.6660463,39.6465,54.09081487,56.64023767,149.3380354,178,37.72568376,12.1627323,112.6647057,31.04198263,140,50.2,60.50922423,338.8741348,109.3,50.35784848
466.0130587,409.6231153,485.685343,609.9873078,120,3848.937985,1601.817,33.130656,238.1,317.9660463,35.22429485,51.25913487,50.90963767,149.3380354,178,41.40218376,15.1643131,107.7147057,27.83048263,140,50.2,58.27122423,378.2692348,106.702,47.68964848
432.8630587,432.8731153,460.413343,634.4088078,120,3923.937985,1656.72,26.7027424,238.1,339.2660463,29.56093485,48.42745487,45.17903767,149.3380354,178,37.87702233,14.5979771,102.7647057,24.61898263,140,50.2,56.03322423,338.8741348,104.104,45.02144848
466.0130587,456.1231153,485.685343,658.8303078,120,3998.937985,1711.623,21.5490848,238.1,360.5660463,35.22643485,54.09065487,46.44618967,149.3380354,178,34.20052233,18.7304771,102.8814557,27.83048263,140,50.2,58.27122423,299.4790348,101.506,47.68964848
432.8630587,466.2571153,460.413343,683.2518078,120,4073.937985,1766.526,17.7546336,238.1,381.8660463,32.39261485,54.09079487,52.17678967,149.3380354,178,30.52402233,22.8629771,97.93145566,31.04198263,140,50.2,60.50922423,319.6334668,104.104,50.35784848
466.0130587,489.5071153,485.685343,707.6733078,120,4148.937985,1711.623,15.291072,238.1,403.1660463,26.72925485,48.02179487,57.90738967,149.3380354,178,32.84653083,26.9859104,95,34.25348263,140,50.2,62.74722423,359.0285668,106.702,47.68964848
432.8630587,512.7571153,460.413343,732.0948078,120,4209.579985,1656.72,13.45048,238.1,388.6330463,23.89757485,44.17977487,63.63798967,149.3380354,178,36.52303083,27.184128,95,31.04198263,140,50.2,60.50922423,398.4236668,109.3,50.35784848
466.0130587,494.5741153,485.685343,756.5163078,120,4284.579985,1601.817,12.0629568,238.1,409.9330463,22.65,42.76393487,69.36858967,149.3380354,178,40.19953083,31.316628,95,34.25348263,140,50.2,62.74722423,410.9844913,109.3,53.02604848
432.8630587,517.8241153,460.413343,780.9378078,120,4359.579985,1546.914,10.9869184,238.1,431.2330463,22.65,48.83293487,63.63798967,149.3380354,178,36.52303083,31.997984,95,31.04198263,140,50.2,64.98522423,371.5893913,109.3,50.83016728
466.0130587,541.0741153,485.685343,756.5163078,120,4434.579985,1492.011,10.1657312,231.806,452.5330463,22.65,47.35139647,57.90738967,149.3380354,178,32.98257822,27.865484,95,27.83048263,140,50.2,62.74722423,332.1942913,109.3,48.16196728
499.1630587,517.8241153,510.957343,732.0948078,137.1333077,4500,1437.108,9.5144448,225.512,473.8330463,22.65,41.28239647,63.63798967,154.6825354,178,33.31285668,31.997984,95,24.61898263,140,50.2,64.98522423,292.7991913,106.702,50.83016728
532.3130587,522.8901153,536.229343,707.6733078,137.1032077,4500,1382.205,16.7285448,219.218,495.1330463,23.18249161,45.59595487,69.36858967,160.0270354,178,29.63635668,36.130484,99.24745566,27.83048263,140,50.2,67.22322423,272.4508573,104.104,53.49836728
531.7540587,499.6401153,559.146783,683.2518078,120,4500,1327.302,23.9426448,212.924,516.4330463,22.65,39.93243487,75.09918967,165.3715354,178,33.31285668,40.262984,104.1974557,24.61898263,140,50.2,64.98522423,255.1691988,101.506,50.83016728
564.9040587,476.3901153,584.418783,658.8303078,120,4500,1272.399,31.1567448,219.218,537.7330463,22.65,38.51659487,80.82978967,170.7160354,176.0581037,36.98935668,44.395484,109.1474557,21.40748263,140,50.2,67.22322423,215.7740988,98.908,52.26702752
598.0540587,499.6401153,609.690783,634.4088078,120,4500,1217.496,38.3708448,212.924,559.0330463,22.65,36.39267487,86.56038967,176.0605354,178,33.31285668,43.8775483,114.0974557,24.61898263,140,50.2,64.98522423,176.3789988,96.31,54.93522752
631.2040587,494.5741153,634.962783,658.8303078,120,4500,1162.593,45.5849448,206.63,580.3330463,22.65,38.51675487,92.29098967,181.4050354,178,36.98935668,39.7450483,109.1474557,21.40748263,140,50.2,62.74722423,161.2152233,93.712,55.66504911
664.3540587,517.8241153,660.234783,634.4088078,120,4500,1107.69,52.7990448,200.336,559.0330463,25.36734017,44.58575487,98.02158967,182.4,178,34.10861148,35.6125483,104.1974557,24.61898263,140,50.2,60.50922423,164.2355648,91.114,58.33324911
697.5040587,522.8901153,685.506783,609.9873078,136.9226077,4425,1052.787,60.0131448,194.042,547.2070463,22.65,50.65475487,103.7521897,182.4,178,30.43211148,33.1171643,109.1474557,21.40748263,140,50.2,58.27122423,169.3239063,88.516,61.00144911
730.6540587,546.1401153,710.778783,585.5658078,136.8925077,4500,997.8839997,67.2272448,187.748,525.9070463,28.3155,56.72375487,109.4827897,182.4,178,34.10861148,34.2498363,114.0974557,18.19598263,140,50.2,56.03322423,129.9288063,85.918,63.66964911
763.8040587,569.3901153,736.050783,561.1443078,154.9525077,4500,942.9809997,74.4413448,181.454,504.6070463,33.981,62.79275487,115.2133897,182.4,178,30.43211148,30.1173363,119.0474557,18.66243263,140,50.2,53.79522423,169.3239063,83.32,63.05574608
796.9540587,592.6401153,761.322783,543.4545428,165.1493077,4488.834985,888.0779997,81.6554448,175.16,483.3070463,28.3155,68.86175487,120.9439897,182.4,178,33.96063936,33.03755254,123.9974557,17.09908013,140,50.2,51.55722423,165.8989308,80.722,65.72394608
830.1040587,615.8901153,786.594783,567.8760428,147.0893077,4413.834985,833.1749997,88.8695448,168.866,462.0070463,22.65,74.93075487,115.2133897,182.4,178,30.28413936,32.281152,128.9474557,13.88758013,140,50.2,49.31922423,126.5038308,78.124,63.05574608
796.9540587,639.1401153,811.866783,543.4545428,129.0293077,4338.834985,778.2719997,96.0836448,162.572,440.7070463,22.65,76.74443487,109.4827897,182.4,178,33.96063936,28.148652,123.9974557,17.09908013,140,50.2,47.08122423,106.6136138,75.526,60.38754608
763.8040587,662.3901153,837.138783,567.8760428,120,4263.834985,723.3689997,103.2977448,156.278,419.4070463,22.65,70.67543487,103.7521897,182.4,178,30.28413936,26.2496736,119.0474557,13.88758013,136.4,50.2,46.6,85.9339553,72.928,57.71934608
730.6540587,639.1401153,814.953223,592.2975428,136.7119077,4188.834985,668.4659997,98.542464,149.984,402.7920463,22.65,64.60643487,98.02158967,182.4,178,30.3715854,22.1171736,114.0974557,10.67608013,140,50.2,46.6,125.3290553,70.33,57.53396099
697.5040587,636.1581153,789.681223,571.5680303,120,4113.834985,613.5629997,91.328364,143.69,414.1190463,22.65,58.53743487,92.29098967,182.4,178,34.0480854,19.0855232,109.1474557,7.464580134,140,50.2,46.6,112.9296383,67.732,54.86576099
664.3540587,612.9081153,764.409223,595.9895303,120,4038.834985,569.9,84.114264,137.396,435.4190463,22.65,52.46843487,86.56038967,182.4,178,30.3715854,21.6906688,114.0974557,4.253080134,140,50.2,46.6,143.9839798,65.134,52.19756099
631.2040587,589.6581153,750.161583,620.4110303,136.6216077,3963.834985,569.9,76.900164,131.102,414.1190463,22.65,46.39943487,81.05266304,182.4,178,31.01242266,22.795024,109.1474557,1.25,140,50.2,46.6,104.5888798,62.536,50.93613573
598.0540587,566.4081153,724.889583,644.8325303,120,3968.805985,569.9,69.686064,124.808,435.4190463,28.3155,45.59563487,80.19360804,182.4,178,27.33592266,18.662524,114.0974557,4.4615,140,50.2,46.6,131.1106628,59.938,53.34306769
564.9040587,551.2071153,699.617583,669.2540303,120,4043.805985,569.9,62.471964,118.514,456.7190463,26.65934895,44.18011487,74.46300804,182.4,178,26.35278162,17.981168,109.1474557,7.673,140,50.2,46.6,91.7155628,57.34,50.67486769
531.7540587,527.9571153,674.345583,693.6755303,120,4118.805985,569.9,67.110816,112.22,478.0190463,22.65,47.01159487,68.73240804,182.4,178,29.53175028,15.8007744,104.1974557,10.8845,140,50.2,46.6,131.1106628,54.742,53.34306769
539.3402739,551.2071153,661.903063,718.0970303,120,4193.805985,569.9,74.324916,105.926,499.3190463,22.65,40.94259487,74.46300804,182.4,178,25.85525028,17.556416,109.1474557,14.096,140,50.2,46.6,170.5057628,52.144,56.01126769
551.2482739,574.4571153,673.853183,742.5185303,120,4268.805985,569.9,74.473184,112.22,520.6190463,22.65,34.87359487,79.87223604,182.4,178,25.65,16.6785952,104.1974557,17.3075,140,50.2,46.6,153.6140288,49.546,58.67946769
518.0982739,597.7071153,648.581183,766.9400303,120,4343.805985,569.9,69.659328,118.514,541.9190463,22.65,33.24985007,80.14585304,182.4,178,29.3265,14.0451328,109.1474557,20.519,140,50.2,46.6,193.0091288,52.144,56.01126769
551.2482739,574.4571153,673.853183,769.4197078,120,4418.805985,619.3701547,65.978144,124.808,563.2190463,28.3155,39.31885007,80.70263804,182.4,178,33.003,15.57424,114.0974557,17.3075,140,52.756,48.838,153.6140288,54.742,58.67946769
584.3982739,597.7071153,699.125183,793.8412078,136.3808077,4493.805985,569.9,61.447456,131.102,584.5190463,33.981,45.38785007,81.82575904,182.4,178,29.3265,19.70674,119.0474557,20.519,140,55.312,46.6,123.6280533,54.54166839,61.34766769
617.5482739,620.9571153,724.397183,818.2627078,136.3507077,4418.805985,569.9,56.350432,137.396,605.8190463,39.6465,51.45685007,76.09515904,182.4,178,25.65,23.83924,114.0974557,23.7305,140,52.756,46.6,158.9863948,57.13966839,64.01586769
650.6982739,644.2071153,749.669183,842.6842078,120,4493.805985,569.9,52.952416,143.69,627.1190463,45.312,57.52585007,70.36455904,182.4,178,29.3265,27.97174,109.1474557,26.942,140,55.312,46.6,185.9357363,54.54166839,66.68406769
683.8482739,667.4571153,774.941183,867.1057078,136.2905077,4418.805985,569.9,51.536576,149.984,648.4190463,40.81774895,63.59485007,64.63395904,182.4,175.42,25.65,31.714816,104.1974557,30.1535,136.4,57.868,46.6,225.3308363,51.94366839,69.35226769
716.9982739,690.7071153,800.213183,889.0365235,136.2604077,4491.209985,624.803,51.253408,156.278,669.7190463,35.15224895,59.75445487,67.06281904,182.4,172.84,25.65,27.582316,99.24745566,33.365,132.8,60.424,48.838,264.7259363,49.34566839,72.02046769
750.1482739,713.9571153,825.485183,864.6150235,154.3204077,4416.209985,679.706,52.102912,149.984,648.4190463,29.48674895,53.68545487,66.77010004,182.4,170.26,29.3265,23.449816,95,36.5765,129.2,57.868,51.076,229.5727608,46.74766839,74.68866769
783.2982739,737.2071153,850.757183,860.7195235,136.2604077,4346.48793,624.803,53.235584,143.69,627.1190463,23.82124895,47.61645487,64.21203704,177.0555,167.68,25.65,19.317316,95,33.365,125.6,55.312,48.838,254.9921023,44.14966839,72.02046769
816.4482739,760.4571153,876.029183,836.2980235,120,4421.48793,569.9,54.651424,137.396,605.8190463,22.65,44.17993487,69.94263704,171.711,170.26,29.3265,15.184816,99.95,30.1535,122,52.756,46.6,215.5970023,41.55166839,69.35226769
849.5982739,783.7071153,901.301183,811.8765235,136.1400077,4346.48793,569.9,56.6336,131.102,584.5190463,28.3155,50.24893487,64.21203704,166.3665,167.68,25.65,11.052316,95,26.942,118.4,50.2,46.6,176.2019023,38.95366839,66.68406769
882.7482739,806.9571153,926.573183,787.4550235,136.1099077,4421.48793,588.8931047,58.332608,124.808,563.2190463,26.65934895,47.01161487,58.48143704,161.022,165.1,25.65,15.184816,95,30.1535,114.8,50.2,46.6,136.8068023,36.35566839,64.01586769
915.8982739,830.2071153,951.845183,763.0335235,120,4496.48793,569.9,65.546708,118.514,584.5190463,22.65,40.94261487,60.77581704,155.6775,162.52,25.65,19.317316,99.50495566,33.365,111.2,52.14193392,46.6,176.2019023,33.75766839,66.68406769
949.0482739,853.4571153,929.8725434,738.6120235,136.0497077,4500,569.9,72.760808,112.22,605.8190463,22.65,34.87361487,66.50641704,150.333,159.94,25.65,23.449816,95,36.5765,107.6,50.2,46.6,215.5970023,31.15966839,69.35226769
982.1982739,876.7071153,953.6274234,714.1905235,120,4425,624.803,78.720704,105.926,627.1190463,22.65,34.26891487,67.83591504,144.9885,162.52,29.3265,27.582316,95,39.788,104,50.2,46.6,254.9921023,28.56166839,66.68406769
949.0482739,899.9571153,928.3554234,719.1355235,135.9895077,4495.69193,679.706,79.570208,99.632,648.4190463,22.65,31.43741487,66.69369204,139.644,159.94,28.92930582,23.449816,95,36.5765,100.4,50.2,46.6,242.0734928,25.96366839,66.65198559
915.8982739,917,903.0834234,743.5570235,154.0495077,4420.69193,624.803,80.986048,93.338,669.7190463,22.65,32.18781007,68.09998104,134.2995,157.36,29.57305347,19.317316,99.95,33.365,96.8,50.2,46.6,202.6783928,23.36566839,63.98378559
882.7482739,917,877.8114234,719.1355235,172.1095077,4495.69193,569.9,77.304864,87.044,691.0190463,22.65,35.78404367,62.36938104,128.955,154.78,25.89655347,17.0183968,95,36.5765,93.2,50.2,48.838,163.2832928,22.7,61.31558559
849.5982739,917,852.5394234,694.7140235,154.0495077,4500,569.9,83.251392,80.75,712.3190463,26.77261615,41.85304367,56.63878104,123.6105,152.2,29.57305347,18.3209696,95,39.788,89.6,50.2,46.6,123.8881928,22.7,63.98378559
816.4482739,917,827.2674234,719.1355235,164.1861077,4441.38993,624.803,90.465492,74.456,733.6190463,22.65,47.92204367,59.00995204,118.266,154.78,25.89655347,22.4534696,99.95,42.9995,86,50.2,48.838,84.4930928,22.7,61.31558559
783.2982739,917,801.9954234,743.5570235,146.1261077,4500,569.9,92.0296,68.162,754.9190463,28.3155,45.49684607,64.74055204,112.9215,157.36,25.65,20.9261152,104.9,39.788,89.6,50.2,46.6,123.8881928,22.7,58.64738559
750.1482739,917,776.7234234,767.9785235,128.0661077,4500,624.803,84.8155,61.868,749.7019537,22.65,51.56584607,66.91955404,107.577,159.94,25.65,18.3209696,109.85,36.5765,86,50.2,46.6,101.1715418,22.7,61.31558559
716.9982739,917,751.4514234,792.4000235,120,4500,569.9,77.6014,55.574,771.0019537,28.3155,57.63484607,65.77733104,102.2325,162.52,25.65,18.0094848,104.9,39.788,89.6,52.756,46.6,140.5666418,22.7,63.98378559
683.8482739,917,726.1794234,816.8215235,120,4500,569.9,70.3873,49.28,792.3019537,33.58134756,63.70384607,66.05094804,97.53155528,165.1,25.65,16.3671104,99.95,42.9995,86,50.2,46.6,179.9617418,22.7,66.65198559
650.6982739,917,700.9074234,804.0855235,120,4500,569.9,63.1732,55.574,800,27.91584756,69.77284607,60.32034804,97.53155528,162.52,25.65,20.4996104,95,39.788,86.66547204,50.2,46.6,219.3568418,22.7,63.98378559
617.5482739,893.75,675.6354234,828.5070235,138.06,4500,569.9,55.9591,49.28,800,33.58134756,75.84184607,54.58974804,97.53155528,165.1,29.3265,24.6321104,95,42.9995,83.99768854,52.756,46.6,258.7519418,22.7,61.31558559
584.3982739,917,650.3634234,804.0855235,135.6584077,4500,569.9,48.745,55.574,800,39.24684756,81.91084607,60.07576704,97.53155528,162.52,33.003,28.7646104,99.95,46.211,80.39768854,55.312,48.838,250.2712493,22.7,58.64738559
551.2482739,917,625.0914234,779.6640235,120,4500,624.803,44.457376,61.868,800,44.91234756,87.97984607,65.80636704,97.53155528,165.1,29.3265,32.8971104,104.9,49.4225,76.79768854,57.868,51.076,235.2255908,22.7,55.97918559
518.0982739,917,599.8194234,755.2425235,120,4425,679.706,42.192032,68.162,800,50.57784756,94.04884607,66.28636104,97.53155528,164.3896379,32.77806573,37.0296104,109.85,52.634,73.19768854,60.424,48.838,274.6206908,22.7,53.31098559
484.9482739,917,574.5474234,730.8210235,120,4350,624.803,37.095008,61.868,783.6819537,56.24334756,100.1178461,66.55997804,97.53155528,161.8096379,36.45456573,41.1621104,114.8,55.8455,73.66635634,62.98,46.6,235.2255908,22.7,50.64278559
451.7982739,917,549.2754234,706.3995235,120,4275,569.9,33.130656,68.162,800,61.90884756,106.1868461,65.41775504,97.53155528,159.2296379,32.77806573,45.2946104,109.85,59.057,70.06635634,65.536,46.6,266.6866153,22.7,47.97458559
418.6482739,917,524.0034234,681.9780235,135.5079077,4200,569.9,30.865312,70.51003873,800,67.57434756,112.2558461,59.68715504,97.53155528,156.6496379,29.10156573,41.1621104,104.9,62.2685,66.46635634,68.092,48.838,227.2915153,22.7,45.30638559
435.7092739,917,498.7314234,690.8185235,120,4125,569.9,28.883136,64.21603873,800,73.23984756,118.3248461,53.95655504,97.53155528,154.0696379,32.77806573,37.0296104,99.95,65.48,62.86635634,70.648,46.6,187.8964153,22.7,42.63818559
402.5592739,917,473.4594234,690.8185235,120,4050,624.803,27.5805632,70.51003873,800,78.90534756,124.3938461,58.87623804,97.53155528,156.6496379,29.10156573,41.1621104,104.9,62.2685,63.13680625,73.204,48.838,148.5013153,22.7,44.93296425
369.4092739,893.75,448.1874234,666.3970235,120,3975,667.0664897,27.184128,76.80403873,778.7,84.57084756,130.4628461,64.60683804,97.53155528,159.2296379,32.77806573,45.2946104,107.4224557,65.48,59.53680625,75.76,46.6,109.1062153,22.7,43.71533985
336.2592739,870.5,422.9154234,690.8185235,120,3900,612.1634897,27.7221472,83.09803873,757.4,90.23634756,136.5318461,64.52049604,97.53155528,161.8096379,29.10156573,49.4271104,102.4724557,62.2685,63.13680625,78.316,46.6,148.5013153,22.7,41.04713985
303.1092739,847.25,397.6434234,690.8185235,120,3825,569.9,29.166304,89.39203873,778.7,95.90184756,142.6008461,64.79411304,97.53155528,159.2296379,25.65,53.5596104,107.4224557,65.48,59.53680625,80.872,48.838,187.8964153,25.298,43.71533985
322.0712739,824,372.3714234,666.3970235,120,3790.68593,569.9,32.281152,95.68603873,800,101.5673476,148.6698461,65.06773004,97.53155528,161.8096379,29.3265,57.6921104,102.4724557,62.2685,63.13680625,83.428,46.6,222.2230058,27.896,46.38353985
288.9212739,800.75,347.0994234,690.8185235,120,3865.68593,569.9,34.546496,89.39203873,800,107.2328476,154.7388461,59.33713004,92.18705528,164.3896379,25.65,61.8246104,97.52245566,59.057,59.53680625,85.984,46.6,182.8279058,30.494,43.71533985
255.7712739,777.5,321.8274234,715.2400235,135.2671077,3940.68593,569.9,33.130656,83.09803873,800,112.8983476,148.6698461,53.60653004,86.84255528,161.8096379,25.65,60.6114437,95,55.8455,63.13680625,88.54,46.6,143.4328058,33.092,41.04713985
222.6212739,754.25,296.5554234,690.8185235,153.3271077,4015.68593,569.9,31.431648,76.80403873,778.7,118.5638476,154.7388461,59.33713004,81.49805528,159.2296379,25.65,56.4789437,95,52.634,59.53680625,91.096,46.6,175.4450303,30.494,38.37893985
189.4712739,777.5,271.2834234,715.2400235,171.3871077,3940.68593,624.803,29.166304,83.09803873,757.4,124.2293476,160.8078461,53.60653004,76.15355528,156.6496379,25.65,56.6470917,95,49.4225,63.13680625,93.652,46.6,136.0499303,27.896,35.71073985
170.0632739,754.25,246.0114234,739.6615235,189.4471077,4015.68593,679.706,26.4478912,76.80403873,736.1,129.8948476,166.8768461,59.33713004,70.80905528,154.0696379,25.65,60.7795917,99.95,46.211,59.53680625,96.208,48.838,160.1077133,25.298,33.04253985
136.9132739,777.5,220.7394234,719.1355235,207.5071077,4090.68593,624.803,24.4373984,70.51003873,714.8,135.5603476,172.9458461,65.06773004,65.46455528,156.6496379,25.65,56.6470917,104.9,42.9995,55.93680625,98.764,46.6,120.7126133,27.896,30.37433985
170.0632739,800.75,246.0114234,694.7140235,191.7496077,4165.68593,569.9,22.5968064,64.21603873,693.5,141.2258476,166.8768461,70.79833004,60.12005528,158.0022209,25.65,52.5145917,109.85,39.788,59.53680625,101.32,46.6,106.7973963,30.494,27.70613985
136.9132739,824,220.7394234,719.1355235,209.8096077,4217.26893,569.9,20.6146304,57.92203873,672.2,146.8913476,160.8078461,65.06773004,54.77555528,155.4222209,25.65,48.3820917,104.9,36.5765,63.13680625,103.876,46.6,67.4022963,33.092,25.03793985
170.0632739,847.25,195.4674234,694.7140235,227.8696077,4174.66893,569.9,18.547504,51.62803873,650.9,152.5568476,154.7388461,59.33713004,49.43105528,152.8422209,29.3265,44.2495917,99.95,33.365,59.53680625,101.32,48.838,106.7973963,35.69,22.36973985
136.9132739,824,170.1954234,670.2925235,245.9296077,4099.66893,624.803,16.6219616,45.33403873,629.6,146.8913476,148.6698461,65.06773004,44.08655528,155.4222209,33.003,40.1170917,104.9,36.5765,63.13680625,98.764,51.076,88.6474208,37.92307439,23.04248796
170.0632739,834.3761153,144.9234234,645.8710235,227.8696077,4024.66893,679.706,14.8946368,39.04003873,608.3,152.5568476,154.7388461,70.79833004,38.74205528,152.8422209,29.3265,36.0041445,109.85,33.365,59.53680625,96.208,53.314,87.7607623,35.32507439,23.43892382
136.9132739,811.1261153,141.6,634.1845235,209.8096077,3949.66893,734.609,13.5637472,45.33403873,587,158.2223476,160.8078461,76.52893004,35.10377726,155.4222209,25.65,34.5883045,114.8,30.1535,56.58456522,93.652,51.076,127.1558623,32.72707439,23.49555751
147.4292739,787.8761153,141.6,634.1845235,191.7496077,3874.66893,679.706,12.3461248,51.62803873,565.7,163.8878476,166.8768461,82.25953004,35.10377726,152.8422209,25.65,33.7388005,109.85,26.942,52.98456522,96.208,48.838,87.7607623,35.32507439,21.42842771
180.5792739,764.6261153,147.5059834,634.1845235,173.6896077,3933.35093,624.803,11.2984032,57.92203873,551.4839537,169.5533476,172.9458461,87.99013004,35.10377726,150.2622209,25.65,33.4273157,104.9,30.1535,49.38456522,98.764,46.6,127.1558623,37.92307439,24.09662771
147.4292739,741.3761153,141.6,658.6060235,155.6296077,3887.91893,569.9,10.194048,64.21603873,572.7839537,175.2188476,166.8768461,82.25953004,35.10377726,147.6822209,25.65,33.3140485,99.95,26.942,52.98456522,101.32,46.6,87.7607623,40.52107439,21.42842771
114.2792739,718.1261153,141.6,662.5015235,137.5696077,3812.91893,617.1608947,9.1746432,70.51003873,551.4839537,180.8843476,160.8078461,76.52893004,35.10377726,145.1022209,25.65,31.59705609,95,30.1535,56.58456522,98.764,46.6,127.1558623,43.11907439,18.76022771
81.12927391,694.8761153,141.6,686.9230235,120,3737.91893,672.0638947,8.1269216,76.80403873,530.1839537,186.5498476,157.2346389,82.25953004,35.10377726,142.5222209,25.65,27.46455609,95,33.365,54.96882182,96.208,48.838,87.7607623,45.71707439,19.3612979
114.2792739,671.6261153,141.6,711.3445235,120,3662.91893,726.9668947,7.220784,70.51003873,508.8839537,180.8843476,151.1656389,87.99013004,35.10377726,142.5789287,25.65,23.33205609,95,30.1535,58.56882182,93.652,51.076,110.7191528,48.31507439,19.53119898
101.3442739,648.3761153,141.6,735.7660235,120,3587.91893,781.8698947,6.4279136,74.13503873,487.5839537,175.2188476,145.0966389,93.72073004,35.10377726,145.1589287,25.65,19.19955609,95.60295566,33.365,62.12098401,91.096,48.838,111.0774943,45.71707439,22.19939898
103.5042739,625.1261153,141.6,747.4525235,120,3512.91893,726.9668947,5.804944,67.84103873,466.2839537,180.8843476,144.2657645,87.99013004,35.10377726,142.5789287,25.65,16.8201792,100.5529557,30.1535,58.52098401,88.54,46.6,73.1238358,43.11907439,24.86759898
136.6542739,601.8761153,141.6,723.0310235,120,3437.91893,672.0638947,5.3235584,61.54703873,449.5439537,186.5498476,141.5898269,93.72073004,35.10377726,139.9989287,25.65,17.6413664,95.60295566,26.942,56.19076307,85.984,46.6,82.7991773,40.52107439,27.53579898
103.5042739,579.5241153,141.6,719.1355235,120,3362.91893,617.1608947,4.9837568,55.25303873,470.8439537,180.8843476,135.5208269,87.99013004,35.10377726,137.4189287,25.65,21.7738664,95,23.7305,57.65723909,83.428,46.6,96.1565188,37.92307439,24.86759898
70.35427391,556.2741153,141.6,694.7140235,120,3437.91893,569.9,4.6439552,48.95903873,449.5439537,175.2188476,141.5898269,82.25953004,35.10377726,134.8389287,25.65,25.9063664,99.95,20.519,61.25723909,80.872,46.6,132.3928603,35.32507439,22.19939898
103.5042739,579.5241153,166.872,719.1355235,120,3362.91893,569.9,4.389104,42.66503873,446.7119537,169.5533476,147.6588269,87.99013004,35.10377726,132.2589287,25.65,30.0388664,95,23.7305,59.42920042,78.316,48.838,171.7879603,32.72707439,24.86759898
79.66027391,602.7741153,141.6,694.7140235,120,3437.91893,624.803,4.1342528,48.95903873,449.5439537,163.8878476,141.5898269,93.72073004,35.10377726,134.8389287,25.65,27.7221472,95,20.519,63.02920042,75.76,51.076,132.3928603,30.12907439,27.53579898
46.51027391,579.5241153,141.6,670.2925235,120,3512.91893,679.706,3.9360352,42.66503873,428.2439537,158.2223476,135.5208269,99.45133004,35.10377726,137.4189287,25.65,30.298976,98.85820566,17.3075,59.42920042,73.204,48.838,171.7879603,27.53107439,25.16625146
79.66027391,556.2741153,141.6,645.8710235,120,3587.91893,734.609,3.7378176,46.24303873,406.9439537,163.8878476,141.5898269,105.18193,35.10377726,134.8389287,25.65,26.166476,95.53695566,14.096,63.02920042,70.648,46.6,145.3252263,24.93307439,23.69377543
46.51027391,533.0241153,141.6,634.1845235,120,3628.61193,679.706,3.4829664,39.94903873,390.0789537,169.5533476,147.6588269,110.91253,35.10377726,137.4189287,25.65,23.1914592,100.4869557,17.3075,66.62920042,68.092,46.6,105.9301263,22.7,26.36197543
79.66027391,509.7741153,146.5761834,634.1845235,120,3603.00093,624.803,3.2847488,46.24303873,368.7789537,175.2188476,153.7278269,105.18193,35.10377726,139.9989287,25.65,21.4924512,95.53695566,14.096,63.02920042,69.75147792,46.6,117.1319093,22.7,23.69377543
46.51027391,494.5741153,141.6,634.1845235,120,3528.00093,679.706,3.7378176,52.53703873,358.9299537,180.8843476,159.7968269,99.45133004,35.10377726,137.4189287,25.65,21.2942336,95,10.8845,59.42920042,72.30747792,46.6,156.5270093,25.298,21.68327933
30.18967206,517.8241153,141.6,634.1845235,120,3557.44493,734.609,3.7661344,58.83103873,347.6029537,183.9541581,153.7278269,105.18193,35.10377726,139.9989287,25.65,23.0350501,99.95,14.096,63.02920042,74.86347792,46.6,195.9221093,27.896,24.35147933
28,494.5741153,141.6,634.1845235,120,3632.44493,789.512,3.8794016,64.89075947,353.2669537,183.5577229,147.6588269,110.91253,29.75927726,142.5789287,25.65,21.0811909,104.9,10.8845,59.42920042,77.41947792,46.6,156.5270093,30.494,27.01967933
28,471.3241153,141.6,609.7630235,120,3707.44493,844.415,3.7944512,71.18475947,341.9399537,189.2232229,146.2598178,116.64313,24.41477726,145.1589287,25.65,20.5714885,109.85,14.096,63.02920042,79.97547792,48.838,160.8172753,27.896,29.68787933
61.15,466.2571153,141.6,634.1845235,120,3769.44593,789.512,3.7378176,77.47875947,341.9399537,194.8887229,141.8003218,122.37373,19.07027726,147.7389287,25.65,20.2033701,114.8,10.8845,59.42920042,82.53147792,51.076,141.3826168,27.54015599,32.35607933
28,466.2571153,141.6,658.6060235,120,3694.44593,734.609,3.9360352,83.77275947,363.2399537,200.5542229,135.7313218,128.10433,13.72577726,150.3087947,25.65,19.7219845,119.75,10.6217056,63.02920042,85.08747792,48.838,180.7777168,27.64909319,34.75819298
61.15,489.5071153,146.8803434,683.0275235,120,3769.44593,679.706,3.822768,90.06675947,341.9399537,206.2197229,139.6199482,122.37373,11.4781429,147.7287947,25.65,18.9857477,114.8,10.6270581,59.42920042,87.64347792,46.6,210.3732998,30.24709319,32.08999298
56.37576826,466.2571153,141.6,662.5015235,120,3844.44593,734.609,3.6245504,83.77275947,320.6399537,200.5542229,133.5509482,116.64313,11.4781429,145.1487947,25.65,18.7308965,109.85,11.9914106,55.82920042,90.19947792,48.838,170.9781998,32.84509319,29.42179298
57.23376826,466.2571153,141.6,662.5015235,120,3769.44593,789.512,3.4263328,77.47875947,299.3399537,194.8887229,127.4819482,112.843352,11.4781429,147.7287947,25.65,18.6176293,114.8,15.2029106,52.22920042,92.75547792,51.076,201.5479828,32.16679119,26.75359298
57.13276826,489.5071153,141.6,662.5015235,120,3822.62193,844.415,3.2847488,83.77275947,290.9699537,189.2232229,124.3854898,118.573952,11.4781429,145.1487947,25.65,18.1079269,119.75,11.9914106,55.82920042,90.19947792,53.314,162.1528828,29.56879119,24.08539298
28,466.2571153,141.6,638.0800235,120,3845.15093,899.318,3.3130656,77.47875947,269.6699537,183.5577229,122.9838082,122.451962,11.4781429,146.2809637,25.65,18.3627781,124.7,14.1884681,52.22920042,92.75547792,51.076,122.7577828,26.97079119,21.41719298
61.15,443.0071153,141.6,613.6585235,120,3830.86793,844.415,3.2281152,83.77275947,276.8109537,189.2232229,129.0528082,122.725579,11.4781429,148.8609637,25.65,17.9946597,129.65,10.9769681,55.82920042,95.31147792,48.838,92.8410073,29.56879119,18.74899298
33.94876826,437.9401153,141.6,589.2370235,120,3816.58393,834.5767647,3.114848,77.47875947,255.5109537,194.8887229,135.1218082,122.43286,11.4781429,147.3939267,25.65,17.7398085,134.6,10.6591731,52.22920042,97.84299712,46.6,125.8503488,32.16679119,21.41719298
67.09876826,414.6901153,141.6,577.5515235,120,3741.58393,779.6737647,3.1714816,71.18475947,265.4849537,189.2232229,129.0528082,116.70226,11.4781429,144.8139267,25.65,17.6265413,129.65,10.6645256,48.62920042,95.28699712,46.6,86.4552488,34.76479119,22.50291333
80.24076826,409.6231153,141.6,577.5515235,120,3666.58393,834.5767647,3.114848,64.89075947,244.1849537,183.5577229,122.9838082,110.97166,11.4781429,142.2339267,25.65,18.2495109,124.7,10.6698781,52.22920042,92.73099712,46.6,87.2640318,37.36279119,19.83471333
47.09076826,409.6231153,141.6,577.5515235,120,3626.48693,889.4797647,2.9449472,58.59675947,225.8409537,177.8922229,116.9148082,113.342831,11.4781429,139.6539267,25.65,20.0901029,129.65,13.8813781,50.69487906,90.17499712,46.6,126.6591318,38.70597879,22.50291333
78.55576826,386.3731153,141.6,601.9730235,120,3551.48693,944.3827647,2.8883136,52.30275947,206.0189537,176.1104045,120.3074106,119.073431,11.4781429,137.0739267,25.65,18.7308965,131.0022057,17.0928781,51.67996869,89.86893632,48.838,87.2640318,36.10797879,24.65499367
57.49276826,409.6231153,141.6,605.8675235,120,3476.48693,999.2857647,2.8883136,58.59675947,206.0189537,181.7759045,126.3764106,122.668273,11.4781429,139.6539267,25.65,18.1362437,135.9522057,13.8813781,52.91990994,87.31293632,51.076,64.9240563,33.50997879,27.32319367
79.45776826,386.3731153,141.6,630.2890235,120,3401.48693,1054.188765,2.8599968,52.30275947,184.7189537,179.6783213,132.4454106,123.791394,11.4781429,137.0739267,25.65,17.9946597,140.9022057,10.6912881,49.31990994,84.75693632,48.838,68.2563978,30.91197879,25.92925177
57.01376826,363.1231153,141.6,605.8675235,120,3326.48693,999.2857647,2.8033632,46.00875947,163.4189537,175.0343661,126.3764106,122.649171,11.4781429,134.4939267,25.65,17.8813925,145.8522057,10.6966406,45.71990994,87.02447632,51.076,75.5527393,28.31397879,24.20192413
80.30176826,386.3731153,141.6,581.4460235,120,3251.48693,944.3827647,2.7750464,39.71475947,184.7189537,169.3688661,120.3074106,116.918571,11.4781429,137.0739267,25.65,18.1079269,140.9022057,10.7019931,42.11990994,84.46847632,48.838,48.6990808,25.71597879,21.53372413
47.15176826,409.6231153,141.6,605.8675235,120,3176.48693,999.2857647,2.7467296,33.42075947,163.4189537,163.7033661,114.2384106,111.187971,11.4781429,134.4939267,25.65,17.8813925,135.9522057,10.7073456,38.51990994,81.91247632,46.6,88.0941808,23.11797879,18.86552413
80.30176826,386.3731153,141.6,605.8675235,120,3101.48693,944.3827647,2.7467296,28.3,167.6834823,158.0378661,108.1694106,105.457371,11.4781429,137.0739267,25.65,17.7398085,131.0022057,13.9188456,34.91990994,79.35647632,46.6,95.0927638,22.7,21.53372413
113.4517683,409.6231153,141.6,630.2890235,120,3026.48693,999.2857647,2.7467296,30.89105339,150.6579823,152.3723661,102.1004106,111.187971,11.4781429,134.4939267,25.65,17.6265413,126.0522057,11.6520506,31.31990994,76.80047632,46.6,60.4241053,22.7,24.20192413
80.30176826,409.6231153,141.6,634.1845235,120,2951.48693,1054.188765,2.7184128,28.3,144.9584823,146.7068661,100.4150186,116.918571,11.4781429,131.9139267,25.65,17.5132741,121.1022057,10.7234031,34.91990994,74.24447632,46.6,81.1994468,22.7,26.87012413
113.4517683,409.6231153,141.6,634.1845235,120,2876.48693,1109.091765,2.8033632,28.3,123.6584823,152.3723661,106.4840186,122.649171,11.4781429,129.3339267,25.65,16.8903045,116.1522057,12.2577556,38.51990994,72.44408112,48.838,93.6777883,22.7,29.53832413
146.6017683,386.3731153,141.6,634.1845235,120,2801.48693,1054.188765,2.7184128,28.3,139.2244823,158.0378661,112.5530186,123.714986,11.4781429,129.6531383,25.65,16.5221861,111.2022057,10.7341081,42.11990994,75.00008112,51.076,70.5621298,25.298,32.20652413
147.4887683,363.1231153,141.6,609.7630235,120,2726.48693,999.2857647,2.690096,34.594,133.5259823,152.3723661,106.4840186,117.984386,11.4781429,127.0731383,25.65,16.2673349,106.2522057,10.7394606,45.71990994,72.44408112,48.838,62.9074713,27.896,29.53832413
180.6387683,381.3061153,166.872,585.3415235,120,2801.48693,1054.188765,2.690096,40.888,139.1534823,146.7068661,100.4150186,112.253786,11.4781429,124.4931383,25.65,16.1540677,101.3022057,10.7448131,42.11990994,69.99605632,46.6,84.9578128,30.494,26.87012413
147.4887683,381.3061153,141.6,577.5515235,120,2876.48693,1109.091765,2.6334624,47.182,127.7909823,141.0413661,94.34601858,114.624957,11.4781429,121.9131383,25.65,16.1540677,106.2522057,13.9563131,45.71990994,67.44005632,46.6,124.3529128,27.896,24.20192413
123.9617683,358.0561153,141.6,601.9730235,120,2951.48693,1054.188765,2.6051456,40.888,144.7454823,146.7068661,100.4150186,120.355557,11.4781429,119.3331383,25.65,16.1540677,111.2022057,17.1678131,49.31990994,69.99605632,46.6,156.8354958,25.298,24.40014205
125.3387683,381.3061153,141.6,626.3945235,120,2876.48693,999.2857647,2.5768288,34.594,123.4454823,152.3723661,106.4840186,126.086157,11.4781429,116.7531383,25.65,16.4089189,116.1522057,13.9563131,45.71990994,72.55205632,46.6,140.4878373,22.7,21.73194205
92.18876826,358.0561153,154.728103,650.8160235,122.8088484,2933.737985,944.3827647,7.184398244,40.888,113.5264823,158.0378661,111.1331074,131.816757,11.4781429,118.9314373,25.65,16.2673349,121.1022057,10.7662231,49.00713565,75.10805632,48.838,179.8829373,22.7,22.98735909
72.45191641,334.8061153,180.000103,640.6506751,140.8688484,2858.737985,889.4797647,2.5768288,47.182,133.3129823,163.5094285,115.4229226,126.086157,6.133642898,121.5114373,25.65,15.6726821,126.0522057,13.9777231,52.60713565,77.66405632,46.6,140.4878373,22.7,25.65555909
39.30191641,311.5561153,198.654343,640.6913776,158.9288484,2783.737985,834.5767647,2.5768288,53.476,133.2774823,157.8439285,109.3539226,120.355557,5.355559527,124.0914373,25.65,14.6815941,121.1022057,10.7769281,56.20713565,80.22005632,48.838,101.0927373,25.298,26.67744315
72.45191641,334.8061153,223.926343,640.7320801,151.2161484,2708.737985,779.6737647,2.5768288,47.99126413,154.5774823,152.1784285,103.2849226,114.624957,5.355559527,126.6714373,25.65,14.4267429,116.1522057,10.7822806,52.60713565,77.66405632,46.6,140.4878373,22.7,24.00924315
39.30191641,358.0561153,224.423583,665.1535801,169.2761484,2633.737985,754.9626447,2.5768288,46.81275413,161.5234823,146.5129285,97.21592258,108.894357,5.355559527,129.2514373,25.65,14.3134757,111.2022057,13.9937806,49.00713565,75.10805632,46.6,179.8829373,22.7,21.34104315
28,381.3061153,214.333703,640.8134851,179.5933484,2566.243985,700.0596447,2.5768288,53.10675413,155.8239823,140.8474285,91.14692258,103.163757,5.355559527,131.8314373,25.65,15.6726821,116.1522057,14.1909856,45.40713565,72.55205632,48.838,219.2780373,22.7,21.46978788
28,404.5561153,204.779823,665.2349851,197.6533484,2641.243985,645.1566447,2.4918784,54.22473413,134.5239823,135.1819285,85.07792258,108.894357,5.355559527,134.4114373,25.65,14.4267429,111.2022057,10.9794856,41.80713565,69.99605632,46.6,211.1602278,22.7,24.13798788
28,427.8061153,179.507823,640.8134851,207.9705484,2716.243985,590.2536447,2.4352448,47.93073413,150.0899823,129.5164285,79.00892258,103.163757,5.355559527,136.9914373,25.65,14.7948613,106.2522057,10.8036906,45.40713565,67.44005632,46.6,171.7651278,22.7,26.80618788
61.15,451.0561153,204.779823,634.472107,189.9105484,2791.243985,569.9,2.4352448,43.20171413,161.3814823,123.8509285,72.93992258,102.3288892,5.355559527,139.5714373,25.65,14.7948613,101.3022057,10.8090431,41.80713565,64.88405632,46.6,132.3700278,22.7,24.13798788
84.73375697,466.2571153,204.748183,658.893607,179.7137484,2866.243985,569.9,2.548512,47.56341709,140.0814823,118.1854285,72.49453378,96.59828916,5.355559527,136.9914373,25.65,14.7948613,96.35220566,10.8143956,40.5996659,62.32805632,46.6,171.7651278,22.7,21.46978788
55.95475697,466.2571153,179.476183,683.315107,161.6537484,2941.243985,624.803,2.7467296,41.26941709,132.9934823,112.5199285,71.07895378,90.86768916,5.355559527,134.4114373,25.65,15.1629797,95,10.8197481,44.1996659,59.77205632,46.6,132.3700278,22.7,24.13798788
89.10475697,466.2571153,204.748183,707.736607,143.5937484,3016.243985,679.706,2.9166304,34.97541709,154.2934823,106.8544285,77.14795378,96.59828916,5.355559527,131.8314373,25.65,14.7948613,99.95,14.0312481,40.5996659,57.21605632,48.838,157.7379353,22.7,23.76345245
122.254757,443.0071153,230.020183,683.315107,125.5337484,3091.243985,734.609,2.9449472,41.26941709,175.5934823,112.5199285,83.21695378,102.3288892,5.355559527,129.2514373,25.65,14.9364453,104.9,10.8304531,36.9996659,54.66005632,51.076,118.3428353,22.7,26.43165245
122.694757,419.7571153,204.748183,658.893607,120,3166.243985,789.512,3.7661344,34.97541709,154.2934823,106.8544285,77.14795378,102.3766442,5.355559527,131.8314373,25.65,15.3045637,109.85,14.0419531,35.53526721,57.21605632,48.838,100.0106183,22.7,29.09985245
145.059757,396.5071153,182.1759602,634.472107,120,3125.209985,734.609,3.8794016,28.68141709,132.9934823,101.1889285,71.07895378,102.3861952,5.355559527,134.4114373,25.65,15.0497125,108.1577057,10.8411581,39.13526721,59.77205632,46.6,60.6155183,22.7,26.43165245
111.909757,373.2571153,156.9039602,610.050607,128.4787231,3133.829985,679.706,3.398016,34.97541709,154.2934823,95.52342851,71.78701378,102.3957462,5.355559527,136.9914373,25.65,14.5683269,113.1077057,10.8465106,42.73526721,57.21605632,48.838,83.7383013,22.7,29.09985245
145.056757,352.9891153,182.1729602,585.629107,128.4787231,3058.829985,624.803,2.9449472,28.68141709,132.9934823,89.85792851,65.71801378,96.66514616,5.355559527,134.4114373,25.65,14.3134757,108.1577057,10.8518631,39.13526721,54.66005632,46.6,44.3432013,22.7,26.43165245
111.906757,376.2391153,156.9009602,561.207607,146.5387231,2995.327985,656.2210797,2.6617792,34.97541709,132.7449823,84.19242851,59.64901378,90.93454616,5.355559527,131.8314373,25.65,14.6815941,103.2077057,13.0092156,42.73526721,52.10405632,46.6,83.7383013,22.7,23.76345245
78.75675697,399.4891153,141.6,536.786107,128.4787231,3070.327985,711.1240797,2.548512,40.2820819,132.7094823,78.52692851,53.58001378,85.20394616,5.355559527,134.4114373,25.65,15.0497125,98.25770566,10.8625681,46.33526721,50.2,46.6,123.1334013,22.7,26.43165245
111.906757,422.7391153,166.872,549.522107,128.4787231,3128.666985,761.2070697,2.5768288,33.9880819,121.3469823,72.86142851,55.50471378,79.47334616,5.355559527,136.9914373,25.65,14.3134757,95,10.8679206,49.93526721,50.2,46.6,105.3076673,22.7,29.09985245
78.75675697,399.4891153,141.6,525.100607,120,3171.266985,816.1100697,2.6051456,28.3,142.6469823,67.19592851,49.43571378,73.74274616,5.355559527,139.5714373,25.65,14.5683269,99.95,10.8732731,46.33526721,50.2,46.6,65.9125673,22.7,31.76805245
45.60675697,376.2391153,141.6,500.679107,120,3199.708985,761.2070697,2.6334624,32.9480819,163.9469823,61.53042851,43.36671378,70.73823616,5.355559527,136.9914373,26.19555738,14.4267429,104.9,10.8786256,49.93526721,50.2,48.838,105.3076673,22.7,29.09985245
45.26675697,352.9891153,141.6,492.888107,120,3124.708985,706.3040697,3.4546496,28.3,142.6469823,55.86492851,49.43571378,71.03095516,5.355559527,139.5714373,25.65,14.4267429,109.85,10.8839781,53.53526721,50.2,51.076,144.7027673,22.7,26.43165245
55.75975697,329.7391153,141.6,468.466607,120,3049.708985,651.4010697,3.7095008,31.7030819,121.3469823,61.53042851,55.50471378,65.30035516,5.355559527,136.9914373,25.65,14.5683269,114.8,14.0954781,54.13606912,50.2,48.838,127.3870333,22.7,23.76345245
88.90975697,306.4891153,159.2929602,444.045107,120,2974.708985,596.4980697,3.2281152,28.3,112.6744823,67.19592851,61.57371378,59.56975516,5.355559527,134.4114373,25.65,15.5310981,119.75,10.8946831,50.53606912,52.756,46.6,166.2853748,22.7,21.09525245
55.75975697,296.3561153,141.6,419.623607,120,2899.708985,651.4010697,3.114848,34.594,129.6289823,61.53042851,55.50471378,64.26357616,5.355559527,131.8314373,25.65,19.6635981,124.7,14.1061831,46.93606912,55.312,48.838,126.8902748,22.7,19.54424231
88.90975697,296.3561153,141.6,395.202107,120,2824.708985,596.4980697,3.4263328,33.2030819,108.3289823,55.86492851,49.43571378,63.42362316,5.355559527,129.2514373,25.65,23.7960981,119.75,10.9053881,43.33606912,52.756,46.6,95.3340578,22.7,19.57255915
122.059757,319.6061153,166.872,407.938107,120,2749.708985,569.9,3.3696992,29.7490819,112.5679823,50.19942851,43.36671378,63.99951016,5.355559527,126.6714373,25.65,19.6635981,124.7,10.9107406,39.73606912,50.2,46.6,134.7291578,22.7,16.90435915
155.209757,342.8561153,192.144,407.938107,128.4787231,2674.708985,624.803,3.3696992,28.3,92.71048234,44.53392851,38.51459378,69.73011016,5.355559527,124.0914373,25.65,15.5310981,119.75,10.9160931,40.28744798,50.2,46.6,174.1242578,23.55985839,18.66642006
122.059757,366.1061153,166.872,407.938107,128.4787231,2599.708985,569.9,3.5112832,28.3,101.1699823,38.86842851,34.26717378,75.46071016,5.355559527,121.5129209,25.65,14.135541,114.8,14.0084456,36.68744798,50.2,46.6,198.2380823,24.26344839,15.99822006
88.90975697,389.3561153,192.144,432.359607,146.5387231,2524.708985,569.9,4.86170813,34.594,115.2934823,33.20292851,30.38787218,69.73011016,5.355559527,124.0929209,25.65,10.003041,109.85,10.9267981,40.28744798,50.2,46.6,176.5374794,26.86144839,18.66642006
55.75975697,412.6061153,217.416,442.7202586,151.4996934,2449.708985,624.803,3.256432,40.888,136.5934823,27.53742851,36.45687218,63.99951016,10.70005953,121.5129209,25.65,5.870540996,104.9,10.9321506,43.88744798,50.2,46.6,137.1423794,25.77511797,19.63669921
28,435.8561153,220.2491401,467.1417586,133.4396934,2374.708985,679.706,3.1714816,44.03580264,118.0534823,27.38946675,34.26717378,58.26891016,12.15279188,118.9329209,25.65,4.1908864,101.4682057,14.1436506,42.13235985,50.2,46.6,102.4507964,23.65568797,22.30489921
61.15,412.6061153,245.5211401,491.5632586,151.4996934,2299.708985,734.609,3.114848,46.85029264,115.1869823,33.05496675,40.33617378,52.53831016,12.15279188,121.5129209,25.65,4.0493024,104.4049557,13.7178556,45.73235985,50.2,46.6,110.6714549,22.7,19.92452642
28,435.8561153,220.2491401,515.9847586,133.4396934,2374.708985,789.512,3.0015808,47.98846783,134.9724823,38.72046675,46.40517378,46.80771016,12.15279188,118.9329209,25.65,3.9926688,109.3549557,16.9293556,49.33235985,52.756,46.6,150.0665549,22.7,17.25632642
61.15,412.6061153,245.5211401,527.8330686,151.4996934,2374.607985,734.609,2.9166304,41.69446783,113.6724823,44.38596675,52.47417378,41.07711016,12.15279188,121.5129209,25.65,3.9077184,104.4049557,13.7178556,48.4006998,52.83983632,46.6,113.5487719,22.7,19.92452642
28,389.3561153,240.8616201,503.4115686,133.4396934,2315.267985,679.706,4.24752,47.98846783,99.22248234,38.72046675,46.40517378,35.34651016,12.15279188,124.0929209,25.65,3.8510848,104.0692057,16.9293556,44.8006998,55.39583632,46.6,103.5624304,22.7,17.85739662
28,366.1061153,222.4257401,478.9900686,151.4996934,2346.541985,624.803,3.6528672,41.69446783,93.52398234,33.05496675,40.33617378,29.61591016,12.15279188,126.6729209,25.65,3.7378176,99.11920566,20.1408556,41.2006998,52.83983632,46.6,64.16733035,22.7,15.18919662
28,342.8561153,226.2688601,454.5685686,133.4396934,2271.541985,679.706,3.0865312,36.42709656,90,27.38946675,34.26717378,23.88531016,12.15279188,124.0929209,25.65,3.681184,95,16.9293556,44.8006998,50.28383632,46.6,103.5624304,22.7,14.65759296
28,319.6061153,200.9968601,430.1470686,123.4234934,2346.541985,734.609,2.83168,39.96609656,99.11598234,22.65,30.72725378,18.15471016,12.15279188,126.6729209,25.65,3.5962336,95,14.4299706,41.2006998,50.2,46.6,94.78340585,22.7,16.83799014
47.87683105,342.8561153,196.4731001,414.7695811,141.4834934,2271.541985,679.706,2.7467296,33.67209656,106.4434823,22.65,32.85135378,21.0717399,12.15279188,129.2529209,25.65,3.4829664,95,11.2184706,42.08435985,50.2,46.6,125.0630644,22.7,19.50619014
31.32224004,366.1061153,171.2011001,439.1910811,159.5434934,2256.427985,624.803,2.7184128,28.3,90,22.65,29.31175378,21.0621889,12.15279188,131.8329209,25.65,3.3696992,95,10.9856756,45.68435985,50.2,46.6,103.3247229,22.7,20.06611066
33.54924004,389.3561153,154.7573401,463.6125811,151.8307934,2304.690985,679.706,2.6617792,29.12109656,90,22.65,28.95779378,20.7694699,12.15279188,134.4129209,25.65,3.1997984,95,10.9910281,49.28435985,50.2,46.6,85.35238135,22.7,17.39791066
66.69924004,412.6061153,180.0293401,488.0340811,151.8608934,2379.690985,624.803,2.6051456,28.3,90,22.65,28.95779378,20.7599189,12.15279188,136.9929209,25.65,3.0865312,95,10.9963806,45.68435985,50.2,46.6,73.15703985,22.7,15.9601679
99.84924004,435.8561153,205.3013401,512.4555811,151.8909934,2304.690985,569.9,2.6051456,30.25409656,92.14248234,22.65,31.78929378,15.0293189,12.15279188,134.4129209,25.65,3.1431648,95,14.2078806,49.28435985,50.2,46.6,109.1276984,22.7,13.2919679
132.99924,459.1061153,230.5733401,488.0340811,151.9210934,2229.690985,624.803,2.6334624,28.3,90,22.65,37.85829378,9.298718903,12.15279188,131.8329209,25.65,3.4263328,95,11.0070856,49.41673997,50.2,46.6,89.03235685,22.7,15.33719727
109.44624,482.3561153,230.8228201,465.1548166,169.9810934,2304.690985,679.706,2.6617792,34.594,94.90348234,22.65,43.92729378,15.0293189,12.15279188,134.4129209,25.65,3.5679168,95,11.0124381,46.09766891,50.2,46.6,128.4274569,22.7,18.00539727
100.41724,494.5741153,221.8359401,465.1548166,180.2982934,2350.622985,734.609,2.83168,40.888,97.69998234,28.3155,49.99629378,18.2015197,12.15279188,136.9929209,25.65,7.7004168,95,14.2239381,42.49766891,50.2,46.6,107.5696739,22.7,15.33719727
133.56724,494.5741153,247.1079401,440.7333166,180.3283934,2275.622985,718.7114247,2.9449472,34.594,90,32.39261485,44.17771378,20.9953319,12.15279188,134.4129209,25.65,11.8329168,95,11.0231431,46.09766891,50.2,46.6,68.17457385,22.7,16.41323745
148.75324,494.5741153,270.2561801,436.8378166,180.3584934,2350.622985,773.6144247,2.973264,29.34809656,91.96498234,26.72711485,38.51435378,21.2689489,12.15279188,131.8329209,25.65,8.5516736,95,11.0284956,49.69766891,50.2,46.6,107.5696739,22.7,19.08143745
125.06524,471.3241153,246.6103001,412.4163166,162.2984934,2275.622985,718.7114247,3.0582144,28.3,91.92948234,26.72925485,38.51453378,26.9995489,12.15279188,129.2529209,25.65,10.9586016,95,14.2399956,46.09766891,50.2,48.838,68.17457385,22.7,18.14056509
158.21524,448.0741153,271.8823001,436.8378166,152.1016934,2266.172985,663.8084247,3.4546496,28.3,90,22.65,32.85117378,21.2689489,12.15279188,126.6729209,29.3265,8.070288,95,11.0392006,42.49766891,50.2,46.6,98.99730785,22.7,20.54749705
191.36524,424.8241153,297.1543001,412.4163166,152.1317934,2320.099985,718.7114247,4.1342528,28.3,111.3,22.65,32.85117378,15.5383489,12.15279188,124.0929209,25.65,5.4934592,95,11.0445531,38.89766891,50.2,46.6,119.7059664,22.7,17.87929705
158.21524,409.6231153,271.8823001,436.8378166,152.1618934,2395.099985,773.6144247,5.2669248,31.01809656,103.1499823,22.65,32.85117378,20.0980729,12.15279188,121.5129209,25.65,9.6259592,95,14.2560531,35.29766891,50.2,46.6,144.4636249,22.7,18.62195148
191.36524,432.8731153,297.1543001,461.2593166,170.2218934,2320.099985,828.5174247,5.8615776,28.3,100.2824823,28.3155,38.92017378,21.2211939,12.15279188,118.9329209,25.65,13.7584592,95,11.1682581,38.89766891,50.2,46.6,105.0685249,22.7,21.29015148
224.51524,437.9401153,322.4263001,485.6808166,180.5390934,2395.099985,883.4204247,5.7766272,28.3,90,29.56093485,39.93037378,20.9284749,12.15279188,116.3529209,25.65,17.8909592,95,13.8926106,42.49766891,50.2,46.6,141.0269419,22.7,21.19878452
191.36524,437.9401153,312.0730201,510.1023166,162.4790934,2470.099985,828.5174247,5.3235584,28.3,90,23.89543485,34.26701378,22.6179319,12.15279188,116.3242907,25.65,22.0234592,95,11.0659631,43.16121718,50.2,46.6,101.6318419,22.7,23.86698452
224.51524,437.9401153,337.3450201,485.6808166,180.5390934,2479.298985,773.6144247,4.672272,28.3,90,22.65,33.81394498,21.1925409,12.15279188,118.9042907,25.65,26.1559592,95,11.0713156,46.76121718,50.2,46.6,88.31925885,22.7,22.55799316
191.36524,437.9401153,312.0730201,465.1548166,180.6293934,2404.298985,718.7114247,4.0209856,28.3,90,28.3155,38.51437378,15.4619409,12.15279188,121.4842907,25.65,30.2884592,95,14.2828156,50.36121718,50.2,48.838,106.8189174,22.7,25.22619316
158.21524,461.1901153,286.8010201,489.5763166,180.6594934,2479.298985,773.6144247,3.4829664,28.3,111.3,22.65,34.26685378,9.731340903,12.15279188,124.0642907,25.65,34.4209592,95,11.0820206,53.96121718,50.2,46.6,104.6195759,22.7,27.89439316
191.36524,484.4401153,312.0730201,493.4718166,180.6895934,2554.298985,828.5174247,3.114848,28.3,91.57448234,24.43559405,35.95170338,15.4619409,12.15279188,126.6442907,25.65,38.5534592,95,14.2935206,57.56121718,50.2,46.6,136.6832344,22.7,25.22619316
158.21524,507.6901153,286.8010201,517.8933166,180.7196934,2479.298985,883.4204247,3.0015808,28.44109656,90,30.10109405,42.02070338,21.1925409,12.15279188,129.2242907,25.65,34.4209592,95,17.5050206,61.16121718,50.2,46.6,97.28813435,22.7,22.55799316
142.0253882,530.9401153,312.0730201,542.3148166,180.7497934,2554.298985,828.5174247,3.0298976,34.73509656,90,32.39261485,48.08970338,26.9231409,17.49729188,131.8042907,25.65,30.2884592,95,14.2935206,60.35543503,50.2,46.6,106.5155514,22.7,19.88979316
108.8753882,554.1901153,306.2778601,556.6116707,180.7798934,2479.298985,773.6144247,3.6245504,41.02909656,90,38.05811485,52.67291378,32.6537409,22.84179188,129.2242907,25.65,26.1559592,95,17.5050206,63.95543503,50.2,46.6,107.8552099,22.7,17.31451036
75.72538818,577.4401153,284.3249801,532.1901707,162.7198934,2404.298985,718.7114247,4.3324704,47.32309656,90,35.22429485,46.60391378,38.3843409,28.18629188,126.6442907,25.65,22.0234592,95,20.7165206,67.55543503,50.2,46.6,129.1298684,22.7,14.64631036
42.57538818,554.1901153,259.0529801,507.7686707,144.6598934,2329.298985,663.8084247,10.6471168,41.02909656,90,29.55879485,40.53491378,44.1149409,33.53079188,125.9513957,25.65,24.0557883,95,23.9280206,71.15543503,50.2,46.6,89.73476835,22.7,14.56777624
75.72538818,577.4401153,284.3249801,483.3471707,126.5998934,2404.298985,718.7114247,17.8612168,34.73509656,90,23.89329485,35.68301378,49.8455409,36.27088906,128.5313957,25.65,28.1882883,95,27.1395206,74.75543503,50.2,46.6,90.35418535,22.7,13.57668661
45.49913818,600.6901153,262.9123401,471.8244807,144.6598934,2479.298985,688.4292138,25.0753168,28.44109656,111.1479823,29.55879485,41.75201378,55.5761409,36.27088906,131.1113957,25.65,32.3207883,95,30.3510206,71.15543503,50.2,46.6,129.7492854,22.7,10.90848661
28,577.4401153,237.6403401,471.8651832,152.6133934,2404.298985,743.3322138,32.2894168,28.3,90,35.22429485,47.82101378,61.3067409,36.27088906,133.6913957,25.65,36.4532883,95,33.5625206,74.75543503,52.756,46.6,115.8855024,22.7,8.240286607
28,554.1901153,212.3683401,496.2866832,134.5533934,2479.298985,798.2352138,39.5035168,34.594,111.3,40.88979485,53.89001378,67.0373409,36.27088906,136.2713957,25.65,37.3646843,95,36.7740206,71.15543503,50.2,46.6,145.7121609,22.7,5.66
44.26838818,530.9401153,237.6403401,500.2625882,124.3565934,2404.298985,853.1382138,46.7176168,40.888,119.5364823,46.55529485,59.95901378,72.7679409,36.27088906,138.8513957,25.65,41.4971843,99.95,39.9855206,69.83294495,52.756,48.838,106.3170609,22.7,5.66
77.41838818,507.6901153,262.9123401,524.6840882,120,2479.298985,807.8952338,53.9317168,43.02509656,98.23648234,52.22079485,65.06153378,78.4985409,36.27088906,141.4313957,25.65,45.6296843,97.25451122,43.1970206,73.43294495,50.2,51.076,114.0154779,25.298,5.66
98.14672377,484.4401153,237.6403401,549.1055882,120,2466.79093,752.9922338,61.1458168,36.73109656,90,57.88629485,71.13053378,84.2291409,36.27088906,138.8513957,25.65,41.4971843,95,46.4085206,69.83294495,52.756,48.838,104.5391364,27.05700317,5.704603247
64.99672377,461.1901153,212.3683401,573.5270882,120,2541.79093,807.8952338,68.3599168,43.02509656,90,52.22079485,65.06153378,89.9597409,36.27088906,136.2713957,25.65,37.3646843,95,49.6200206,71.32342097,50.2,46.6,95.62779485,29.65500317,7.205396117
98.14672377,437.9401153,237.6403401,597.9485882,138.06,2602.46193,862.7982338,75.5740168,41.35409656,90,57.88629485,65.57141618,95.6903409,36.27088906,138.2916635,25.65,33.2321843,98.78026122,52.8315206,69.29060801,50.2,46.6,135.0228949,32.25300317,6.101039097
64.99672377,461.1901153,212.3683401,622.3700882,120,2527.46193,917.7012338,82.7881168,35.06009656,90,52.22079485,59.50241618,101.4209409,36.27088906,136.5926435,25.65,29.0996843,103.7302612,56.0430206,65.69060801,50.2,46.6,130.5601119,29.84503957,8.769239097
98.14672377,484.4401153,237.6403401,646.7915882,120,2452.46193,972.6042338,84.9504,41.35409656,90,56.74506285,53.43341618,107.1515409,36.27088906,139.1726435,25.65,24.9671843,98.78026122,59.2545206,62.09060801,50.2,46.6,112.1067704,27.24703957,6.101039097
121.0417238,461.1901153,244.2925401,663.9487774,138.06,2391.375428,1027.507234,77.7363,47.64809656,90,62.41056285,55.68885298,112.8821409,36.27088906,141.7526435,25.65,20.8346843,95,57.4763656,65.69060801,50.2,46.6,82.27042885,24.64903957,8.769239097
154.1917238,437.9401153,269.5645401,639.5272774,152.9143934,2402.701428,1082.410234,70.5222,53.94209656,90,66.11792365,61.04036818,118.6127409,36.27088906,139.1726435,25.65,16.7021843,99.95,60.6878656,69.29060801,50.2,48.838,96.94708735,23.34516557,11.4374391
121.0417238,414.6901153,244.2925401,663.9487774,134.8543934,2456.503428,1027.507234,66.261312,47.64809656,90,71.78342365,67.10936818,124.3433409,36.27088906,136.5926435,25.65,12.5696843,95,57.4763656,71.58595574,50.2,51.076,136.3421874,22.7,10.20698186
150.6097238,391.4401153,269.5645401,663.9487774,152.9143934,2381.503428,1082.410234,73.475412,41.35409656,90,77.44892365,73.17836818,130.0739409,36.27088906,134.0126435,25.65,8.437184296,95,54.2648656,67.98595574,50.2,53.314,143.9994044,22.7,12.87518186
117.4597238,368.1901153,244.2925401,639.5272774,170.9743934,2456.503428,1137.313234,80.689512,35.06009656,90,83.11442365,67.10936818,135.8045409,36.27088906,131.4326435,25.65,4.304684296,99.95,51.0533656,69.81399441,50.2,51.076,104.6043044,22.7,15.54338186
123.1937238,344.9401153,246.6551401,635.6317774,153.0347934,2381.503428,1192.216234,87.903612,28.76609656,90,88.77992365,73.17836818,141.5351409,36.27088906,128.8526435,25.65,3.101356296,104.9,47.8418656,66.21399441,50.2,48.838,105.3087214,22.7,18.21158186
90.04372377,368.1901153,221.3831401,660.0532774,153.0648934,2456.503428,1137.313234,95.117712,31.18809656,90,94.44542365,79.24736818,147.2657409,36.27088906,126.2726435,25.65,3.526108296,99.95,44.6303656,69.81399441,50.2,46.6,70.34637985,22.7,20.87978186
84.16272377,391.4401153,207.7083801,663.9487774,171.1248934,2381.503428,1082.410234,95.993952,28.3,90,91.85789485,73.17836818,152.9963409,36.27088906,123.6926435,25.65,5.321895363,95,41.4188656,66.21399441,50.2,46.6,97.31303835,22.7,19.63649178
77.34572377,414.6901153,200.9335001,639.5272774,181.4420934,2306.503428,1027.507234,103.208052,34.594,90,86.19239485,67.10936818,158.7269409,36.27088906,121.1126435,25.65,9.454395363,95,44.6303656,62.61399441,50.2,48.838,102.5036969,22.7,19.60817493
83.09172377,409.6231153,206.7216201,615.1057774,163.3820934,2231.503428,972.6042338,110.422152,30.50909656,90,91.85789485,73.17836818,164.4575409,36.27088906,118.5326435,25.65,13.58689536,99.95,47.8418656,64.35052617,52.756,51.076,133.6043554,22.7,22.27637493
86.84472377,432.8731153,210.5167401,590.6842774,181.4420934,2306.503428,917.7012338,117.636252,28.3,90,97.52339485,79.24736818,170.1881409,36.27088906,115.9526435,25.65,17.71939536,95,51.0533656,60.75052617,55.312,53.314,137.5780139,22.7,24.94457493
119.9947238,409.6231153,235.7887401,566.2627774,181.5323934,2312.088428,862.7982338,124.850352,34.594,90,97.52125485,73.17836818,175.9187409,36.27088906,113.3726435,25.65,21.85189536,99.95,54.2648656,64.22094193,57.868,55.552,154.3786724,22.7,27.61277493
101.8787238,432.8731153,225.6349801,578.9987774,163.4723934,2387.088428,917.7012338,132.064452,28.3,90,91.85575485,68.14824498,181.6493409,36.27088906,115.9526435,25.65,25.98439536,104.9,57.4763656,60.62094193,60.424,53.314,144.7323309,22.7,24.94457493
135.0287238,409.6231153,250.9069801,554.5772774,153.2755934,2312.088428,972.6042338,129.974112,32.32109656,90,86.19025485,65.21745618,187.3799409,36.27088906,118.5326435,25.65,25.1170016,109.85,60.6878656,64.22094193,57.868,55.552,151.7639894,22.7,27.61277493
101.8787238,386.3731153,225.6349801,578.9987774,171.3355934,2387.088428,1027.507234,126.7339862,28.3,90,80.52475485,59.14845618,193,36.27088906,121.1126435,25.65,20.9845016,112.3705112,63.8993656,67.82094193,55.312,53.314,191.1590894,22.7,24.94457493
98.73087192,381.3061153,200.3629801,557.146929,153.3357934,2462.088428,972.6042338,131.67312,32.37709656,90,74.85925485,53.07945618,193,41.61538906,123.6926435,25.65,16.8520016,111.5297612,60.6878656,68.80395424,52.756,51.076,151.7639894,22.7,22.27637493
65.58087192,404.5561153,175.0909801,581.568429,171.3957934,2537.088428,917.7012338,133.08896,28.3,90,78.60563245,59.14845618,193,46.95988906,126.2726435,25.65,12.7195016,106.5797612,57.4763656,72.40395424,50.2,53.314,112.3688894,22.7,24.94457493
32.43087192,427.8061153,149.8189801,605.989929,153.3959934,2612.088428,952.0648488,131.106784,34.594,90,84.27113245,65.21745618,193,52.30438906,128.8526435,25.65,8.5870016,101.6297612,54.2648656,68.80395424,50.2,51.076,72.97378935,22.7,22.27637493
28,437.9401153,141.6,581.568429,153.4260934,2687.088428,897.1618488,131.67312,40.888,90,89.93663245,71.28645618,193,57.64888906,131.4326435,25.65,5.395017096,106.5797612,55.0237106,65.20395424,50.2,48.838,112.3688894,22.7,24.94457493
36.16487192,461.1901153,141.6,557.146929,153.4561934,2762.088428,842.2588488,131.389952,34.594,90,84.27113245,65.21745618,193,62.99338906,134.0126435,25.65,5.310066696,111.5297612,51.8122106,68.80395424,50.2,46.6,150.9969404,22.7,26.89932348
30.25762192,466.2571153,141.6,532.725429,153.4862934,2779.8284,787.3558488,128.558272,29.31909656,90,78.60563245,59.14845618,193,66.54191948,136.5926435,25.65,5.536601096,112.9300112,48.6007106,65.20395424,50.2,46.6,116.4305989,22.7,29.56752348
42.29337192,443.0071153,141.6,529.074144,153.5163934,2854.8284,732.4528488,123.744416,29.85709656,90,84.27113245,65.21745618,193,66.54191948,139.1726435,25.65,5.168482696,117.8800112,46.4597681,68.330251,50.2,46.6,86.56525735,22.7,32.23572348
28,419.7571153,141.6,553.495644,135.4563934,2779.8284,677.5498488,117.231552,36.15109656,90,89.93663245,71.28645618,193,66.54191948,136.5926435,25.65,4.941948296,112.9300112,45.3041206,71.930251,50.2,46.6,78.10791585,22.7,29.56752348
28,443.0071153,141.6,557.472549,153.5163934,2748.3044,622.6468488,110.017452,29.85709656,90,95.60213245,77.35545618,187.2694,66.54191948,134.0126435,25.65,4.573829896,107.9800112,42.0926206,69.1351227,50.2,48.838,117.5030159,22.7,29.24962175
28,466.2571153,141.6,533.051049,171.5763934,2823.3044,569.9,102.803352,29.46109656,107.1089823,89.93663245,71.28645618,181.5388,66.54191948,131.4326435,25.65,3.611058696,103.0300112,38.8811206,72.7351227,50.2,46.6,78.10791585,22.7,26.61615502
61.15,443.0071153,166.872,508.629549,153.6367934,2898.3044,624.803,95.589252,28.86609656,90,84.27113245,65.21745618,175.8082,66.54191948,134.0126435,25.65,2.421753096,107.9800112,42.0926206,76.3351227,50.2,48.838,117.5030159,22.7,23.94795502
28,419.7571153,141.6,484.208049,135.5767934,2838.5434,569.9,88.375152,35.16009656,90,89.93663245,71.28645618,180.8785141,66.54191948,136.5926435,25.65,3.611058696,112.9300112,38.8811206,79.9351227,52.756,46.6,78.10791585,22.7,26.61615502
28,396.5071153,141.6,459.786549,120,2913.5434,569.9,81.161052,41.45409656,90,95.60213245,77.35545618,186.6091141,66.54191948,139.1726435,25.65,5.055215496,117.8800112,36.5818831,83.5351227,55.312,46.6,115.3892084,22.7,29.28435502
50.11270119,373.2571153,141.6,435.365049,120,2988.5434,569.9,73.946952,47.74809656,90,101.2676325,83.42445618,188.5240501,66.54191948,141.7526435,25.65,6.017986696,122.8300112,39.7933831,87.1351227,57.868,48.838,110.6128669,25.298,31.95255502
83.26270119,350.0071153,166.872,459.786549,120,3063.5434,569.9,81.161052,54.04209656,90,95.60213245,77.35545618,183.7101941,66.54191948,144.3326435,25.65,10.1504867,117.8800112,36.5818831,89.89905441,55.312,51.076,149.9545254,27.896,29.28435502
50.11270119,326.7571153,141.6,437.9749133,120,3138.5434,569.9,88.375152,60.33609656,90,89.93663245,71.28645618,189.4407941,66.54191948,141.7526435,25.65,14.2829867,112.9300112,33.3703831,93.49905441,52.756,53.314,110.5594254,30.494,26.61615502
28,350.0071153,141.6,413.5534133,120,3213.5434,624.803,95.589252,66.63009656,90,95.60213245,77.35545618,193,66.54191948,139.1726435,25.65,18.4154867,107.9800112,33.9122931,97.09905441,55.312,55.552,149.9545254,33.092,23.94795502
61.15,326.7571153,141.6,409.6589133,120,3265.3774,679.706,99.958304,72.92409656,90,89.93663245,71.28645618,193,66.54191948,136.8975113,25.65,19.6518592,112.9300112,37.1237931,93.49905441,52.756,57.79,189.3496254,35.69,23.13318289
94.3,324.6721153,141.6,409.6589133,120,3310.5584,734.609,105.904832,79.21809656,90,95.60213245,77.35545618,193,66.54191948,139.4775113,25.65,20.671264,117.8800112,40.3352931,97.09905441,50.2,60.028,224.3501594,38.288,20.46498289
127.45,301.4221153,166.872,434.0804133,120,3385.5584,789.512,110.718688,85.51209656,90,92.28264685,71.28645618,193,66.54191948,142.0575113,25.65,23.1348256,122.8300112,43.5467931,93.49905441,52.756,57.79,240.3018179,40.886,17.79678289
94.3,278.1721153,141.6,437.9749133,120,3310.5584,844.415,112.700864,91.80609656,90,97.94814685,77.35545618,193,66.54191948,139.4775113,25.65,22.0304704,127.7800112,46.7582931,89.89905441,55.312,60.028,200.9067179,43.484,20.46498289
96.18570119,301.4221153,141.6,437.9749133,138.06,3235.5584,899.318,110.718688,98.10009656,90,92.28264685,71.84350886,193,66.54191948,142.0575113,25.65,18.7457216,132.7300112,43.5467931,91.66838206,52.756,57.79,161.5116179,41.44956677,23.04823235
106.1797012,324.6721153,146.9112373,462.3964133,153.9979934,3160.5584,844.415,103.504588,91.80609656,90,97.94814685,77.91250886,193,66.54191948,139.4775113,25.65,17.3298816,127.7800112,40.3352931,88.06838206,50.2,55.552,122.1165179,38.85156677,20.38003235
139.3297012,347.9221153,172.1832373,486.8179133,172.0579934,3085.5584,789.512,99.958304,98.10009656,90,103.6136469,83.98150886,193,66.54191948,136.8975113,25.65,15.6308736,122.8300112,43.5467931,84.46838206,50.2,53.314,100.1124519,36.25356677,17.71183235
106.1797012,371.1721153,146.9112373,511.2394133,182.3751934,3010.5584,844.415,107.172404,91.80609656,90,97.94814685,77.91250886,193,66.54191948,134.3175113,25.65,15.007904,117.8800112,40.3352931,80.86838206,50.2,51.076,113.1761104,33.65556677,15.04363235
73.02970119,394.4221153,141.6,535.6609133,182.4052934,2935.5584,899.318,114.386504,85.51209656,90,92.28264685,71.84350886,193,66.54191948,131.7375113,25.65,16.140576,122.8300112,43.5467931,77.26838206,51.84322097,48.838,152.5712104,31.05756677,12.37543235
90.86270119,417.6721153,141.6,560.0824133,182.4353934,2860.5584,954.221,121.600604,79.21809656,90,86.61714685,65.77450886,193,66.54191948,134.3175113,25.65,17.7546336,118.6532612,46.7582931,80.86838206,50.2,51.076,113.1761104,28.95519117,9.707232353
124.0127012,440.9221153,166.872,535.6609133,164.3753934,2785.5584,1009.124,128.814704,73.66309656,90,80.95164685,59.70550886,187.2694,66.54191948,136.8975113,25.65,17.3298816,122.6265112,49.9697931,77.26838206,50.2,48.838,123.0850859,28.53476917,7.039032353
91.71470119,464.1721153,141.6,560.0824133,182.4353934,2710.5584,954.221,136.028804,67.36909656,90,75.28614685,53.63650886,181.5388,66.54191948,139.4775113,25.65,21.4623816,127.5765112,53.1812931,78.76958316,50.2,46.6,139.1787444,27.06662557,6.681095013
124.8647012,487.4221153,166.872,579.5599133,182.5256934,2635.5584,899.318,143.242904,66.27309656,90,77.69949485,59.70550886,182.5775221,66.54191948,136.8975113,25.65,25.5948816,122.6265112,56.3927931,75.16958316,50.2,46.6,111.1824029,26.56125317,5.66
91.71470119,466.2571153,141.6,555.1384133,164.4656934,2560.5584,844.415,150.457004,59.97909656,90,72.03399485,53.63650886,180.3121781,66.54191948,134.3175113,25.65,28.883136,117.6765112,59.6042931,71.56958316,50.2,46.6,71.78730285,23.96325317,5.66
